-- phpMyAdmin SQL Dump
-- version 5.2.1
-- https://www.phpmyadmin.net/
--
-- Host: 127.0.0.1
-- Generation Time: Apr 07, 2026 at 10:23 AM
-- Server version: 10.4.32-MariaDB
-- PHP Version: 8.2.12

SET SQL_MODE = "NO_AUTO_VALUE_ON_ZERO";
START TRANSACTION;
SET time_zone = "+00:00";


/*!40101 SET @OLD_CHARACTER_SET_CLIENT=@@CHARACTER_SET_CLIENT */;
/*!40101 SET @OLD_CHARACTER_SET_RESULTS=@@CHARACTER_SET_RESULTS */;
/*!40101 SET @OLD_COLLATION_CONNECTION=@@COLLATION_CONNECTION */;
/*!40101 SET NAMES utf8mb4 */;

--
-- Database: `makethub`
--

-- --------------------------------------------------------

--
-- Table structure for table `financial_transactions`
--

CREATE TABLE `financial_transactions` (
  `transaction_id` bigint(20) UNSIGNED NOT NULL,
  `source_type` enum('buyer_order','wallet','agency_commission','sales_commission','agent_withdrawal','buyer_withdrawal','bonus','refund','seller_withdrawal') NOT NULL,
  `source_id` bigint(20) UNSIGNED DEFAULT NULL,
  `wallet_id` bigint(20) UNSIGNED NOT NULL,
  `payer_id` bigint(20) UNSIGNED NOT NULL,
  `receiver_id` bigint(20) UNSIGNED NOT NULL,
  `transaction_type` enum('credit','debit','commission','withdrawal','refund','bonus') NOT NULL,
  `amount` decimal(12,2) NOT NULL,
  `currency` varchar(10) NOT NULL DEFAULT 'KES',
  `payment_method` enum('mpesa','bank','paypal','crypto','internal') DEFAULT 'internal',
  `status` enum('pending','processing','completed','failed','reversed') DEFAULT 'pending',
  `reference_code` varchar(100) DEFAULT NULL,
  `description` text DEFAULT NULL,
  `created_at` datetime DEFAULT current_timestamp(),
  `updated_at` datetime DEFAULT current_timestamp() ON UPDATE current_timestamp()
) ENGINE=InnoDB DEFAULT CHARSET=utf8mb4 COLLATE=utf8mb4_general_ci;

--
-- Dumping data for table `financial_transactions`
--

INSERT INTO `financial_transactions` (`transaction_id`, `source_type`, `source_id`, `wallet_id`, `payer_id`, `receiver_id`, `transaction_type`, `amount`, `currency`, `payment_method`, `status`, `reference_code`, `description`, `created_at`, `updated_at`) VALUES
(1, '', 47, 11, 47, 29, 'commission', 100.00, 'KES', 'internal', 'pending', NULL, 'Agent activation commission - Level 1', '2026-04-01 08:46:43', '2026-04-01 08:46:43'),
(2, '', 47, 12, 47, 29, 'commission', 100.00, 'KES', 'internal', 'completed', NULL, 'Level 1 commission from agent 47', '2026-04-01 08:55:02', '2026-04-01 08:55:02'),
(3, '', 48, 42, 48, 47, 'commission', 100.00, 'KES', 'internal', 'pending', NULL, 'Pending Level 1 commission from agent 48', '2026-04-01 09:28:12', '2026-04-01 09:28:12'),
(4, '', 48, 11, 48, 29, 'commission', 40.00, 'KES', 'internal', 'pending', NULL, 'Pending Level 2 commission from agent 48', '2026-04-01 09:28:12', '2026-04-01 09:28:12'),
(5, '', 29, 12, 29, 29, 'withdrawal', 500.00, 'KES', 'internal', 'pending', NULL, 'Agency wallet withdrawal request', '2026-04-01 16:53:48', '2026-04-01 16:53:48'),
(6, '', 29, 12, 29, 29, 'withdrawal', 400.00, 'KES', 'internal', 'pending', NULL, 'Agency wallet withdrawal request', '2026-04-01 17:02:51', '2026-04-01 17:02:51'),
(7, '', 29, 12, 29, 29, 'withdrawal', 600.00, 'KES', 'internal', 'pending', NULL, 'Agency wallet withdrawal request', '2026-04-01 17:03:06', '2026-04-01 17:03:06'),
(8, '', 29, 12, 29, 29, 'withdrawal', 600.00, 'KES', 'internal', 'pending', NULL, 'Agency wallet withdrawal request', '2026-04-01 17:03:39', '2026-04-01 17:03:39'),
(9, '', 29, 12, 29, 29, 'withdrawal', 600.00, 'KES', 'internal', 'pending', NULL, 'Agency wallet withdrawal request', '2026-04-01 17:03:54', '2026-04-01 17:03:54'),
(10, '', 29, 12, 29, 29, 'withdrawal', 600.00, 'KES', 'internal', 'pending', NULL, 'Agency wallet withdrawal request', '2026-04-01 17:04:02', '2026-04-01 17:04:02'),
(11, '', 29, 12, 29, 29, 'withdrawal', 50.00, 'KES', 'internal', 'pending', NULL, 'Agency wallet withdrawal request', '2026-04-01 17:05:17', '2026-04-01 17:05:17'),
(12, '', 29, 12, 29, 29, 'withdrawal', 6.00, 'KES', 'internal', 'pending', NULL, 'Agency wallet withdrawal request', '2026-04-01 17:05:32', '2026-04-01 17:05:32'),
(13, '', 29, 12, 29, 29, 'withdrawal', 4.00, 'KES', 'internal', 'pending', NULL, 'Agency wallet withdrawal request', '2026-04-01 17:05:50', '2026-04-01 17:05:50'),
(14, '', 29, 12, 29, 29, 'withdrawal', 4.00, 'KES', 'internal', 'pending', NULL, 'Agency wallet withdrawal request', '2026-04-01 17:12:08', '2026-04-01 17:12:08'),
(15, '', 29, 12, 29, 29, 'withdrawal', 5.00, 'KES', 'internal', 'pending', NULL, 'Agency wallet withdrawal request', '2026-04-01 17:14:32', '2026-04-01 17:14:32'),
(16, '', 29, 12, 29, 29, 'withdrawal', 5.00, 'KES', 'internal', 'pending', NULL, 'Agency wallet withdrawal request', '2026-04-01 17:15:02', '2026-04-01 17:15:02'),
(17, '', 29, 12, 29, 29, 'withdrawal', 10.00, 'KES', 'internal', 'pending', NULL, 'Agency wallet withdrawal request', '2026-04-01 17:15:41', '2026-04-01 17:15:41'),
(18, '', 29, 11, 29, 29, 'withdrawal', 500.00, 'KES', 'internal', 'pending', NULL, 'Sales wallet withdrawal request', '2026-04-01 17:16:23', '2026-04-01 17:16:23'),
(19, '', 29, 11, 29, 29, 'withdrawal', 3000.00, 'KES', 'internal', 'pending', NULL, 'Sales wallet withdrawal request', '2026-04-01 17:29:01', '2026-04-01 17:29:01'),
(20, '', 29, 11, 29, 29, 'withdrawal', 10000.00, 'KES', 'internal', 'pending', NULL, 'Sales wallet withdrawal request', '2026-04-01 17:29:24', '2026-04-01 17:29:24'),
(21, '', 29, 11, 29, 29, 'withdrawal', 3000.00, 'KES', 'internal', 'pending', NULL, 'Sales wallet withdrawal request', '2026-04-01 17:39:37', '2026-04-01 17:39:37'),
(22, '', 29, 11, 29, 29, 'withdrawal', 90000.00, 'KES', 'internal', 'pending', NULL, 'Sales wallet withdrawal request', '2026-04-01 17:39:50', '2026-04-01 17:39:50'),
(23, '', 29, 11, 29, 29, 'withdrawal', 3000.00, 'KES', 'internal', 'pending', NULL, 'Sales wallet withdrawal request', '2026-04-01 17:50:19', '2026-04-01 17:50:19'),
(24, '', 29, 11, 29, 29, 'withdrawal', 10000.00, 'KES', 'internal', 'pending', NULL, 'Sales wallet withdrawal request', '2026-04-01 17:50:46', '2026-04-01 17:50:46'),
(25, '', 29, 11, 29, 29, 'withdrawal', 100000.00, 'KES', 'internal', 'pending', NULL, 'Sales wallet withdrawal request', '2026-04-01 17:51:19', '2026-04-01 17:51:19'),
(26, '', 29, 11, 29, 29, 'withdrawal', 100000.00, 'KES', 'internal', 'pending', NULL, 'Sales wallet withdrawal request', '2026-04-01 17:52:02', '2026-04-01 17:52:02'),
(27, '', 29, 11, 29, 29, 'withdrawal', 7000.00, 'KES', 'internal', 'pending', NULL, 'Sales wallet withdrawal request', '2026-04-01 17:53:38', '2026-04-01 17:53:38'),
(28, '', 29, 11, 29, 29, 'withdrawal', 15000.00, 'KES', 'internal', 'pending', NULL, 'Sales wallet withdrawal request', '2026-04-01 17:54:12', '2026-04-01 17:54:12'),
(29, '', 29, 11, 29, 29, 'withdrawal', 20000.00, 'KES', 'internal', 'pending', NULL, 'Sales wallet withdrawal request', '2026-04-01 17:55:18', '2026-04-01 17:55:18'),
(30, '', 29, 11, 29, 29, 'withdrawal', 35000.00, 'KES', 'internal', 'pending', NULL, 'Sales wallet withdrawal request', '2026-04-01 17:56:10', '2026-04-01 17:56:10'),
(31, '', 29, 11, 29, 29, 'withdrawal', 49000.00, 'KES', 'internal', 'pending', NULL, 'Sales wallet withdrawal request', '2026-04-01 17:57:23', '2026-04-01 17:57:23'),
(32, '', 29, 11, 29, 29, 'withdrawal', 2600.00, 'KES', 'internal', 'pending', NULL, 'Sales wallet withdrawal request', '2026-04-01 18:06:01', '2026-04-01 18:06:01'),
(34, '', 29, 11, 29, 29, 'withdrawal', 5000.00, 'KES', 'internal', 'pending', NULL, 'Sales wallet withdrawal request', '2026-04-01 18:10:01', '2026-04-01 18:10:01'),
(35, '', 29, 11, 29, 29, 'withdrawal', 5000.00, 'KES', 'internal', 'pending', NULL, 'Sales wallet withdrawal request', '2026-04-01 18:12:50', '2026-04-01 18:12:50'),
(36, '', 29, 11, 29, 29, 'withdrawal', 5000.00, 'KES', 'internal', 'pending', NULL, 'Sales wallet withdrawal request', '2026-04-01 18:13:07', '2026-04-01 18:13:07'),
(37, '', 29, 11, 29, 29, 'withdrawal', 5000.00, 'KES', 'internal', 'pending', NULL, 'Sales wallet withdrawal request', '2026-04-01 18:14:04', '2026-04-01 18:14:04'),
(38, '', 29, 11, 29, 29, 'withdrawal', 500.00, 'KES', 'internal', 'pending', NULL, 'Sales wallet withdrawal request', '2026-04-01 18:14:43', '2026-04-01 18:14:43'),
(39, '', 29, 11, 29, 29, 'withdrawal', 500.00, 'KES', 'internal', 'pending', NULL, 'Sales wallet withdrawal request', '2026-04-01 18:15:01', '2026-04-01 18:15:01'),
(40, '', 29, 11, 29, 29, 'withdrawal', 5000.00, 'KES', 'internal', 'pending', NULL, 'Sales wallet withdrawal request', '2026-04-01 18:19:30', '2026-04-01 18:19:30'),
(41, '', 29, 11, 29, 29, 'withdrawal', 8000.00, 'KES', 'internal', 'pending', NULL, 'Sales wallet withdrawal request', '2026-04-01 18:20:39', '2026-04-01 18:20:39'),
(43, '', 29, 11, 29, 29, 'withdrawal', 3000.00, 'KES', 'internal', 'pending', NULL, 'Sales wallet withdrawal request', '2026-04-01 18:24:31', '2026-04-01 18:24:31'),
(44, '', 31, 17, 31, 31, 'withdrawal', 500.00, 'KES', 'internal', 'pending', NULL, 'Agency wallet withdrawal request', '2026-04-01 23:11:17', '2026-04-01 23:11:17'),
(45, '', 31, 20, 31, 31, 'withdrawal', 500.00, 'KES', 'internal', 'pending', NULL, 'Sales wallet withdrawal request', '2026-04-01 23:22:07', '2026-04-01 23:22:07'),
(46, '', 31, 17, 31, 31, 'withdrawal', 460.00, 'KES', 'internal', 'pending', NULL, 'Agency wallet withdrawal request', '2026-04-01 23:48:28', '2026-04-01 23:48:28'),
(47, '', 29, 12, 29, 29, 'withdrawal', 2000.00, 'KES', 'internal', 'pending', NULL, 'Agency wallet withdrawal request', '2026-04-02 01:35:01', '2026-04-02 01:35:01'),
(48, '', 29, 11, 29, 29, 'withdrawal', 1000.00, 'KES', 'internal', 'pending', NULL, 'Sales wallet withdrawal request', '2026-04-02 01:52:07', '2026-04-02 01:52:07'),
(49, '', 29, 11, 29, 29, 'withdrawal', 1000.00, 'KES', 'internal', 'pending', NULL, 'Sales wallet withdrawal request', '2026-04-02 01:52:33', '2026-04-02 01:52:33'),
(50, '', 29, 11, 29, 29, 'withdrawal', 3768.00, 'KES', 'internal', 'pending', NULL, 'Sales wallet withdrawal request', '2026-04-02 01:52:56', '2026-04-02 01:52:56'),
(51, '', 29, 11, 29, 29, 'withdrawal', 3434.00, 'KES', 'internal', 'pending', NULL, 'Sales wallet withdrawal request', '2026-04-02 02:13:05', '2026-04-02 02:13:05'),
(52, '', 29, 11, 29, 29, 'withdrawal', 4354.00, 'KES', 'internal', 'pending', NULL, 'Sales wallet withdrawal request', '2026-04-02 02:14:02', '2026-04-02 02:14:02'),
(53, '', 29, 11, 29, 29, 'withdrawal', 500.00, 'KES', 'internal', 'pending', NULL, 'Sales wallet withdrawal request', '2026-04-02 02:14:23', '2026-04-02 02:14:23'),
(54, '', 29, 11, 29, 29, 'withdrawal', 690.00, 'KES', 'internal', 'pending', NULL, 'Sales wallet withdrawal request', '2026-04-02 02:16:19', '2026-04-02 02:16:19'),
(55, '', 29, 11, 29, 29, 'withdrawal', 788.00, 'KES', 'internal', 'pending', NULL, 'Sales wallet withdrawal request', '2026-04-02 02:17:27', '2026-04-02 02:17:27'),
(56, '', 29, 11, 29, 29, 'withdrawal', 89879.00, 'KES', 'internal', 'pending', NULL, 'Sales wallet withdrawal request', '2026-04-02 02:18:03', '2026-04-02 02:18:03'),
(57, '', 29, 11, 29, 29, 'withdrawal', 550.00, 'KES', 'internal', 'pending', NULL, 'Sales wallet withdrawal request', '2026-04-02 02:18:52', '2026-04-02 02:18:52'),
(58, '', 29, 11, 29, 29, 'withdrawal', 1000.00, 'KES', 'internal', 'pending', NULL, 'Sales wallet withdrawal request', '2026-04-02 02:19:18', '2026-04-02 02:19:18'),
(59, '', 29, 11, 29, 29, 'withdrawal', 1000.00, 'KES', 'internal', 'pending', NULL, 'Sales wallet withdrawal request', '2026-04-02 02:19:55', '2026-04-02 02:19:55'),
(60, '', 29, 11, 29, 29, 'withdrawal', 566.00, 'KES', 'internal', 'pending', NULL, 'Sales wallet withdrawal request', '2026-04-02 02:20:44', '2026-04-02 02:20:44'),
(61, '', 29, 11, 29, 29, 'withdrawal', 600.00, 'KES', 'internal', 'pending', NULL, 'Sales wallet withdrawal request', '2026-04-02 02:21:25', '2026-04-02 02:21:25'),
(62, '', 29, 11, 29, 29, 'withdrawal', 3000.00, 'KES', 'internal', 'pending', NULL, 'Sales wallet withdrawal request', '2026-04-02 02:21:39', '2026-04-02 02:21:39'),
(63, '', 29, 11, 29, 29, 'withdrawal', 500.00, 'KES', 'internal', 'pending', NULL, 'Sales wallet withdrawal request', '2026-04-03 20:50:40', '2026-04-03 20:50:40'),
(64, '', 15, 47, 15, 15, 'withdrawal', 78978.00, 'KES', 'internal', 'pending', NULL, 'Seller withdrawal request', '2026-04-03 23:55:13', '2026-04-03 23:55:13'),
(65, '', 15, 47, 15, 15, 'withdrawal', 70000.00, 'KES', 'internal', 'pending', NULL, 'Seller withdrawal request', '2026-04-03 23:55:26', '2026-04-03 23:55:26'),
(66, '', 15, 47, 15, 15, 'withdrawal', 78797.00, 'KES', 'internal', 'pending', NULL, 'Seller withdrawal request', '2026-04-03 23:55:50', '2026-04-03 23:55:50'),
(67, '', 15, 47, 15, 15, 'withdrawal', 500.00, 'KES', 'internal', 'pending', NULL, 'Seller withdrawal request', '2026-04-03 23:56:02', '2026-04-03 23:56:02'),
(68, '', 15, 47, 15, 15, 'withdrawal', 500.00, 'KES', 'internal', 'pending', NULL, 'Seller withdrawal request', '2026-04-03 23:56:17', '2026-04-03 23:56:17'),
(69, '', 17, 53, 17, 17, 'withdrawal', 600.00, 'KES', 'internal', 'pending', NULL, 'Withdrawal request', '2026-04-05 05:12:52', '2026-04-05 05:12:52'),
(70, '', 17, 53, 17, 17, 'withdrawal', 600.00, 'KES', 'internal', 'pending', NULL, 'Withdrawal request', '2026-04-05 05:13:04', '2026-04-05 05:13:04'),
(71, 'seller_withdrawal', 17, 53, 17, 17, 'withdrawal', 8000.00, 'KES', 'internal', 'pending', NULL, 'Withdrawal request', '2026-04-05 05:19:40', '2026-04-05 05:19:40'),
(72, 'seller_withdrawal', 17, 53, 17, 17, 'withdrawal', 1000.00, 'KES', 'internal', 'pending', NULL, 'Withdrawal request', '2026-04-05 05:20:12', '2026-04-05 05:20:12'),
(73, 'seller_withdrawal', 17, 53, 17, 17, 'withdrawal', 500.00, 'KES', 'internal', 'pending', NULL, 'Withdrawal request', '2026-04-05 05:21:57', '2026-04-05 05:21:57'),
(74, 'seller_withdrawal', 17, 53, 17, 17, 'withdrawal', 600.00, 'KES', 'internal', 'pending', NULL, 'Withdrawal request', '2026-04-05 05:22:16', '2026-04-05 05:22:16'),
(75, 'seller_withdrawal', 17, 53, 17, 17, 'withdrawal', 700.00, 'KES', 'internal', 'pending', NULL, 'Withdrawal request', '2026-04-05 05:22:34', '2026-04-05 05:22:34'),
(76, '', 48, 43, 48, 47, 'commission', 100.00, 'KES', 'internal', 'pending', NULL, 'Level 1 commission from agent 48', '2026-04-05 07:13:52', '2026-04-05 07:46:52'),
(77, '', 48, 12, 48, 29, 'commission', 40.00, 'KES', 'internal', 'pending', NULL, 'Level 2 commission from agent 48', '2026-04-05 07:13:52', '2026-04-05 07:46:52'),
(78, '', 51, 34, 51, 42, 'commission', 100.00, 'KES', 'internal', 'completed', NULL, 'Pending Level 1 commission from agent 51', '2026-04-05 08:08:07', '2026-04-05 08:08:43'),
(79, '', 51, 20, 51, 31, 'commission', 40.00, 'KES', 'internal', 'completed', NULL, 'Pending Level 2 commission from agent 51', '2026-04-05 08:08:07', '2026-04-05 08:08:43'),
(80, '', 51, 11, 51, 29, 'commission', 20.00, 'KES', 'internal', 'completed', NULL, 'Pending Level 3 commission from agent 51', '2026-04-05 08:08:07', '2026-04-05 08:08:43'),
(81, '', 52, 56, 52, 51, 'commission', 100.00, 'KES', 'internal', 'completed', NULL, 'Pending Level 1 commission from agent 52', '2026-04-05 08:12:15', '2026-04-05 08:12:40'),
(82, '', 52, 34, 52, 42, 'commission', 40.00, 'KES', 'internal', 'completed', NULL, 'Pending Level 2 commission from agent 52', '2026-04-05 08:12:15', '2026-04-05 08:12:40'),
(83, '', 52, 20, 52, 31, 'commission', 20.00, 'KES', 'internal', 'completed', NULL, 'Pending Level 3 commission from agent 52', '2026-04-05 08:12:15', '2026-04-05 08:12:40'),
(84, '', 53, 56, 53, 51, 'commission', 100.00, 'KES', 'internal', 'completed', NULL, 'Pending Level 1 commission from agent 53', '2026-04-05 08:15:52', '2026-04-05 08:17:12'),
(85, '', 53, 34, 53, 42, 'commission', 40.00, 'KES', 'internal', 'completed', NULL, 'Pending Level 2 commission from agent 53', '2026-04-05 08:15:52', '2026-04-05 08:17:12'),
(86, '', 53, 20, 53, 31, 'commission', 20.00, 'KES', 'internal', 'completed', NULL, 'Pending Level 3 commission from agent 53', '2026-04-05 08:15:52', '2026-04-05 08:17:12'),
(87, '', 54, 60, 54, 53, 'commission', 100.00, 'KES', 'internal', 'completed', NULL, 'Pending Level 1 commission from agent 54', '2026-04-05 08:18:51', '2026-04-05 08:21:46'),
(88, '', 54, 56, 54, 51, 'commission', 40.00, 'KES', 'internal', 'completed', NULL, 'Pending Level 2 commission from agent 54', '2026-04-05 08:18:51', '2026-04-05 08:21:46'),
(89, '', 54, 34, 54, 42, 'commission', 20.00, 'KES', 'internal', 'completed', NULL, 'Pending Level 3 commission from agent 54', '2026-04-05 08:18:51', '2026-04-05 08:21:46'),
(90, '', 29, 11, 29, 29, 'withdrawal', 500.00, 'KES', 'internal', 'pending', NULL, 'Sales wallet withdrawal request', '2026-04-05 18:21:16', '2026-04-05 18:21:16'),
(91, '', 29, 11, 29, 29, 'withdrawal', 500.00, 'KES', 'internal', 'pending', NULL, 'Sales wallet withdrawal request', '2026-04-05 18:21:27', '2026-04-05 18:21:27'),
(92, '', 29, 11, 29, 29, 'withdrawal', 771.00, 'KES', 'internal', 'pending', NULL, 'Sales wallet withdrawal request', '2026-04-05 18:21:41', '2026-04-05 18:21:41'),
(93, '', 29, 11, 29, 29, 'withdrawal', 500.00, 'KES', 'internal', 'pending', NULL, 'Sales wallet withdrawal request', '2026-04-05 18:21:54', '2026-04-05 18:21:54'),
(94, 'seller_withdrawal', 15, 48, 15, 15, 'withdrawal', 500.00, 'KES', 'internal', 'pending', NULL, 'Withdrawal request', '2026-04-05 18:37:51', '2026-04-05 18:37:51'),
(95, '', 56, 34, 56, 42, 'commission', 100.00, 'KES', 'internal', 'completed', NULL, 'Pending Level 1 commission from agent 56', '2026-04-06 11:27:56', '2026-04-06 11:39:07'),
(96, '', 56, 20, 56, 31, 'commission', 40.00, 'KES', 'internal', 'completed', NULL, 'Pending Level 2 commission from agent 56', '2026-04-06 11:27:56', '2026-04-06 11:39:09'),
(97, '', 56, 11, 56, 29, 'commission', 20.00, 'KES', 'internal', 'completed', NULL, 'Pending Level 3 commission from agent 56', '2026-04-06 11:27:56', '2026-04-06 11:39:11'),
(98, '', 42, 35, 42, 42, 'withdrawal', 400.00, 'KES', 'internal', 'pending', NULL, 'Agency wallet withdrawal request', '2026-04-06 11:41:04', '2026-04-06 11:41:04'),
(99, 'seller_withdrawal', 15, 48, 15, 15, 'withdrawal', 660.00, 'KES', 'internal', 'pending', NULL, 'Withdrawal request', '2026-04-06 14:43:01', '2026-04-06 14:43:01'),
(100, '', 57, 20, 57, 31, 'commission', 100.00, 'KES', 'internal', 'completed', NULL, 'Pending Level 1 commission from agent 57', '2026-04-06 15:10:17', '2026-04-06 15:20:40'),
(101, '', 57, 11, 57, 29, 'commission', 40.00, 'KES', 'internal', 'completed', NULL, 'Pending Level 2 commission from agent 57', '2026-04-06 15:10:17', '2026-04-06 15:20:42'),
(102, '', 29, 11, 29, 29, 'withdrawal', 4500.00, 'KES', 'internal', 'pending', NULL, 'Sales wallet withdrawal request', '2026-04-06 15:23:21', '2026-04-06 15:23:21'),
(103, '', 29, 11, 29, 29, 'withdrawal', 40000.00, 'KES', 'internal', 'pending', NULL, 'Sales wallet withdrawal request', '2026-04-06 15:25:46', '2026-04-06 15:25:46'),
(104, '', 61, 46, 61, 21, 'commission', 100.00, 'KES', 'internal', 'pending', NULL, 'System commission (no referrer) from agent 61', '2026-04-07 03:35:07', '2026-04-07 03:35:07'),
(105, '', 62, 46, 62, 21, 'commission', 100.00, 'KES', 'internal', 'pending', NULL, 'System commission (no referrer) from agent 62', '2026-04-07 03:42:51', '2026-04-07 03:42:51'),
(106, 'agency_commission', 63, 46, 63, 21, 'commission', 100.00, 'KES', 'internal', 'pending', NULL, 'System commission (no referrer) from agent 63', '2026-04-07 04:00:07', '2026-04-07 04:00:07'),
(107, 'agency_commission', 64, 46, 64, 21, 'commission', 100.00, 'KES', 'internal', 'pending', NULL, 'System commission (no referrer) from agent 64', '2026-04-07 04:04:49', '2026-04-07 04:04:49'),
(108, 'agency_commission', 65, 11, 65, 29, 'commission', 100.00, 'KES', 'internal', 'completed', NULL, 'Pending Level 1 commission from agent 65', '2026-04-07 04:06:37', '2026-04-07 04:15:21'),
(112, 'agent_withdrawal', 29, 11, 29, 29, 'withdrawal', 5000.00, 'KES', 'internal', 'pending', NULL, 'Sales wallet withdrawal request', '2026-04-07 04:12:29', '2026-04-07 04:12:29'),
(113, 'agent_withdrawal', 29, 12, 29, 29, 'withdrawal', 700.00, 'KES', 'internal', 'pending', NULL, 'Agency wallet withdrawal request', '2026-04-07 04:13:28', '2026-04-07 04:13:28'),
(114, 'seller_withdrawal', 15, 48, 15, 15, 'withdrawal', 5000.00, 'KES', 'internal', 'pending', NULL, 'Withdrawal request', '2026-04-07 04:26:14', '2026-04-07 04:26:14'),
(115, 'agent_withdrawal', 29, 11, 29, 29, 'withdrawal', 50087.00, 'KES', 'internal', 'pending', NULL, 'Sales wallet withdrawal request', '2026-04-07 04:29:10', '2026-04-07 04:29:10'),
(116, 'agent_withdrawal', 29, 11, 29, 29, 'withdrawal', 500.00, 'KES', 'internal', 'pending', NULL, 'Sales wallet withdrawal request', '2026-04-07 04:32:29', '2026-04-07 04:32:29'),
(117, 'agent_withdrawal', 29, 12, 29, 29, 'withdrawal', 500.00, 'KES', 'internal', 'pending', NULL, 'Agency wallet withdrawal request', '2026-04-07 04:33:04', '2026-04-07 04:33:04');

-- --------------------------------------------------------

--
-- Table structure for table `locations`
--

CREATE TABLE `locations` (
  `location_id` int(11) NOT NULL,
  `name` varchar(150) NOT NULL,
  `parent_id` int(11) DEFAULT NULL,
  `type` enum('country','state','county','subcounty','ward','city','region') NOT NULL
) ENGINE=InnoDB DEFAULT CHARSET=utf8mb4 COLLATE=utf8mb4_general_ci;

--
-- Dumping data for table `locations`
--

INSERT INTO `locations` (`location_id`, `name`, `parent_id`, `type`) VALUES
(1, 'Kenya', NULL, 'country'),
(2, 'Mombasa', 49, 'county'),
(3, 'Kwale', 49, 'county'),
(4, 'Kilifi', 49, 'county'),
(5, 'Tana River', 49, 'county'),
(6, 'Lamu', 49, 'county'),
(7, 'Taita Taveta', 49, 'county'),
(8, 'Garissa', 50, 'county'),
(9, 'Wajir', 50, 'county'),
(10, 'Mandera', 50, 'county'),
(11, 'Marsabit', 51, 'county'),
(12, 'Isiolo', 51, 'county'),
(13, 'Meru', 51, 'county'),
(14, 'Tharaka-Nithi', 51, 'county'),
(15, 'Embu', 51, 'county'),
(16, 'Kitui', 51, 'county'),
(17, 'Machakos', 51, 'county'),
(18, 'Makueni', 51, 'county'),
(19, 'Nyandarua', 52, 'county'),
(20, 'Nyeri', 52, 'county'),
(21, 'Kirinyaga', 52, 'county'),
(22, 'Murang\'a', 52, 'county'),
(23, 'Kiambu', 52, 'county'),
(24, 'Turkana', 53, 'county'),
(25, 'West Pokot', 53, 'county'),
(26, 'Samburu', 53, 'county'),
(27, 'Trans Nzoia', 53, 'county'),
(28, 'Uasin Gishu', 53, 'county'),
(29, 'Elgeyo-Marakwet', 53, 'county'),
(30, 'Nandi', 53, 'county'),
(31, 'Baringo', 53, 'county'),
(32, 'Laikipia', 53, 'county'),
(33, 'Nakuru', 53, 'county'),
(34, 'Narok', 53, 'county'),
(35, 'Kajiado', 53, 'county'),
(36, 'Kericho', 53, 'county'),
(37, 'Bomet', 53, 'county'),
(38, 'Kakamega', 54, 'county'),
(39, 'Vihiga', 54, 'county'),
(40, 'Bungoma', 54, 'county'),
(41, 'Busia', 54, 'county'),
(42, 'Siaya', 55, 'county'),
(43, 'Kisumu', 55, 'county'),
(44, 'Homa Bay', 55, 'county'),
(45, 'Migori', 55, 'county'),
(46, 'Kisii', 55, 'county'),
(47, 'Nyamira', 55, 'county'),
(48, 'Nairobi', 56, 'county'),
(49, 'Coast', 1, 'region'),
(50, 'North Eastern', 1, 'region'),
(51, 'Eastern', 1, 'region'),
(52, 'Central', 1, 'region'),
(53, 'Rift Valley', 1, 'region'),
(54, 'Western', 1, 'region'),
(55, 'Nyanza', 1, 'region'),
(56, 'Nairobi', 1, 'region'),
(57, 'Mtongwe', 2, 'ward'),
(58, 'Shika Adabu', 2, 'ward'),
(59, 'Bofu', 2, 'ward'),
(60, 'Likoni', 2, 'ward'),
(61, 'Timbwani', 2, 'ward'),
(62, 'Mjambere', 2, 'ward'),
(63, 'Junda', 2, 'ward'),
(64, 'Bamburi', 2, 'ward'),
(65, 'Mwakirunge', 2, 'ward'),
(66, 'Mtopanga', 2, 'ward'),
(67, 'Magogoni', 2, 'ward'),
(68, 'Shanzu', 2, 'ward'),
(69, 'Port Reitz', 2, 'ward'),
(70, 'Kipevu', 2, 'ward'),
(71, 'Airport', 2, 'ward'),
(72, 'Miritini', 2, 'ward'),
(73, 'Chaani', 2, 'ward'),
(74, 'Tudor', 2, 'ward'),
(75, 'Ganjoni/Shimanzi', 2, 'ward'),
(76, 'Tononoka', 2, 'ward'),
(77, 'Mji wa Kale/Makadara', 2, 'ward'),
(78, 'Majengo', 2, 'ward'),
(79, 'Frere Town', 2, 'ward'),
(80, 'Ziwa la Ng’ombe', 2, 'ward'),
(81, 'Mkomani', 2, 'ward'),
(82, 'Kongowea', 2, 'ward'),
(83, 'Kadzandani', 2, 'ward'),
(84, 'Jomvu Kuu', 2, 'ward'),
(85, 'Miritini', 2, 'ward'),
(86, 'Mikindani', 2, 'ward'),
(87, 'Vanga', 3, 'ward'),
(88, 'Mwereni', 3, 'ward'),
(89, 'Dzombo', 3, 'ward'),
(90, 'Pongwe/Kikoneni', 3, 'ward'),
(91, 'Ukunda', 3, 'ward'),
(92, 'Kinondo', 3, 'ward'),
(93, 'Gombato Bongwe', 3, 'ward'),
(94, 'Ramisi', 3, 'ward'),
(95, 'Mkongani', 3, 'ward'),
(96, 'Tiwi', 3, 'ward'),
(97, 'Kubo South', 3, 'ward'),
(98, 'Waa', 3, 'ward'),
(99, 'Tsimba Golini', 3, 'ward'),
(100, 'Mwavumbo', 3, 'ward'),
(101, 'Chengoni/Samburu', 3, 'ward'),
(102, 'Kasemeni', 3, 'ward'),
(103, 'Mackinon Road', 3, 'ward'),
(104, 'Kinango', 3, 'ward'),
(105, 'Puma', 3, 'ward'),
(106, 'Ndavaya', 3, 'ward'),
(107, 'Tezo', 4, 'ward'),
(108, 'Sokoni', 4, 'ward'),
(109, 'Kibarani', 4, 'ward'),
(110, 'Dabaso', 4, 'ward'),
(111, 'Matsangoni', 4, 'ward'),
(112, 'Watamu', 4, 'ward'),
(113, 'Mnarani', 4, 'ward'),
(114, 'Junju', 4, 'ward'),
(115, 'Mwarakaya', 4, 'ward'),
(116, 'Shimo la Tewa', 4, 'ward'),
(117, 'Chasimba', 4, 'ward'),
(118, 'Mtepeni', 4, 'ward'),
(119, 'Mariakani', 4, 'ward'),
(120, 'Kayafungo', 4, 'ward'),
(121, 'Kaloleni', 4, 'ward'),
(122, 'Mwanamwinga', 4, 'ward'),
(123, 'Mwawesa', 4, 'ward'),
(124, 'Ruruma', 4, 'ward'),
(125, 'Kambe/Ribe', 4, 'ward'),
(126, 'Rabai/Kisurutuni', 4, 'ward'),
(127, 'Ganze', 4, 'ward'),
(128, 'Bamba', 4, 'ward'),
(129, 'Jaribuni', 4, 'ward'),
(130, 'Sokoke', 4, 'ward'),
(131, 'Jilore', 4, 'ward'),
(132, 'Kakuyuni', 4, 'ward'),
(133, 'Ganda', 4, 'ward'),
(134, 'Malindi Town', 4, 'ward'),
(135, 'Shella', 4, 'ward'),
(136, 'Maarafa', 4, 'ward'),
(137, 'Magarini', 4, 'ward'),
(138, 'Gongoni', 4, 'ward'),
(139, 'Adu', 4, 'ward'),
(140, 'Garashi', 4, 'ward'),
(141, 'Sabaki', 4, 'ward'),
(142, 'Chewele', 5, 'ward'),
(143, 'Hirimani', 5, 'ward'),
(144, 'Bangale', 5, 'ward'),
(145, 'Sala', 5, 'ward'),
(146, 'Madogo', 5, 'ward'),
(147, 'Kipini East', 5, 'ward'),
(148, 'Garsen South', 5, 'ward'),
(149, 'Kipini West', 5, 'ward'),
(150, 'Garsen Central', 5, 'ward'),
(151, 'Garsen West', 5, 'ward'),
(152, 'Garsen North', 5, 'ward'),
(153, 'Kinakomba', 5, 'ward'),
(154, 'Mikinduni', 5, 'ward'),
(155, 'Chewani', 5, 'ward'),
(156, 'Wayu', 5, 'ward'),
(157, 'Lamu East', 6, 'ward'),
(158, 'Lamu West', 6, 'ward'),
(159, 'Mkunumbi', 6, 'ward'),
(160, 'Mpeketoni', 6, 'ward'),
(161, 'Gongoni', 6, 'ward'),
(162, 'Witu', 6, 'ward'),
(163, 'Hindi', 6, 'ward'),
(164, 'Lango Baya', 6, 'ward'),
(165, 'Shela', 6, 'ward'),
(166, 'Kiunga', 6, 'ward'),
(167, 'Makere', 6, 'ward'),
(168, 'Siyu', 6, 'ward'),
(169, 'Ronge', 7, 'ward'),
(170, 'Mwatate', 7, 'ward'),
(171, 'Bura', 7, 'ward'),
(172, 'Chawia', 7, 'ward'),
(173, 'Wusi/Kishamba', 7, 'ward'),
(174, 'Chala', 7, 'ward'),
(175, 'Mahoo', 7, 'ward'),
(176, 'Bomani', 7, 'ward'),
(177, 'Mboghoni', 7, 'ward'),
(178, 'Mata', 7, 'ward'),
(179, 'Werugha', 7, 'ward'),
(180, 'Wundanyi/Mbale', 7, 'ward'),
(181, 'Wumingu/Kishushe', 7, 'ward'),
(182, 'Mwanda/Mgange', 7, 'ward'),
(183, 'Mbololo', 7, 'ward'),
(184, 'Kaloleni', 7, 'ward'),
(185, 'Sagala', 7, 'ward'),
(186, 'Marungu', 7, 'ward'),
(187, 'Kasigau', 7, 'ward'),
(188, 'Ngolia', 7, 'ward'),
(189, 'Waberi', 8, 'ward'),
(190, 'Galbet', 8, 'ward'),
(191, 'Township', 8, 'ward'),
(192, 'Iftin', 8, 'ward'),
(193, 'Balambala', 8, 'ward'),
(194, 'Danyere', 8, 'ward'),
(195, 'Jarajara', 8, 'ward'),
(196, 'Saka', 8, 'ward'),
(197, 'Sankuri', 8, 'ward'),
(198, 'Modogashe', 8, 'ward'),
(199, 'Benane', 8, 'ward'),
(200, 'Goreale', 8, 'ward'),
(201, 'Maalamin', 8, 'ward'),
(202, 'Sabena', 8, 'ward'),
(203, 'Baraki', 8, 'ward'),
(204, 'Dertu', 8, 'ward'),
(205, 'Dadaab', 8, 'ward'),
(206, 'Labasigale', 8, 'ward'),
(207, 'Damajale', 8, 'ward'),
(208, 'Liboi', 8, 'ward'),
(209, 'Abakaile', 8, 'ward'),
(210, 'Bura', 8, 'ward'),
(211, 'Dekaharia', 8, 'ward'),
(212, 'Jarajila', 8, 'ward'),
(213, 'Fafi', 8, 'ward'),
(214, 'Nanighi', 8, 'ward'),
(215, 'Hulugho', 8, 'ward'),
(216, 'Sangailu', 8, 'ward'),
(217, 'Ijara', 8, 'ward'),
(218, 'Masalani', 8, 'ward'),
(219, 'Khorof Hara', 9, 'ward'),
(220, 'Barwaqo', 9, 'ward'),
(221, 'Wagberi', 9, 'ward'),
(222, 'Township', 9, 'ward'),
(223, 'Elben', 9, 'ward'),
(224, 'Sarman', 9, 'ward'),
(225, 'Tarbaj', 9, 'ward'),
(226, 'Wargadud', 9, 'ward'),
(227, 'Arbajahan', 9, 'ward'),
(228, 'Hadado/Athibohol', 9, 'ward'),
(229, 'Adamasajide', 9, 'ward'),
(230, 'Ganyure/Wagalla', 9, 'ward'),
(231, 'Eldas', 9, 'ward'),
(232, 'Della', 9, 'ward'),
(233, 'Lakoley South/Basir', 9, 'ward'),
(234, 'Elnur', 9, 'ward'),
(235, 'Benane', 9, 'ward'),
(236, 'Burder', 9, 'ward'),
(237, 'Dadaja Bulla', 9, 'ward'),
(238, 'Habaswein', 9, 'ward'),
(239, 'Lagboghol South', 9, 'ward'),
(240, 'Ibrahim Ure', 9, 'ward'),
(241, 'Diif', 9, 'ward'),
(242, 'Gurar', 9, 'ward'),
(243, 'Bute', 9, 'ward'),
(244, 'Korondile', 9, 'ward'),
(245, 'Malkagufu', 9, 'ward'),
(246, 'Batalu', 9, 'ward'),
(247, 'Danaba', 9, 'ward'),
(248, 'Godoma', 9, 'ward'),
(249, 'Sala', 10, 'ward'),
(250, 'Fino', 10, 'ward'),
(251, 'Lafey', 10, 'ward'),
(252, 'Waranqara', 10, 'ward'),
(253, 'Alango Gof', 10, 'ward'),
(254, 'Wargadou', 10, 'ward'),
(255, 'Kutulo', 10, 'ward'),
(256, 'Elwak South', 10, 'ward'),
(257, 'Elwak North', 10, 'ward'),
(258, 'Shimbir Fatuma', 10, 'ward'),
(259, 'Arabia', 10, 'ward'),
(260, 'Libehia', 10, 'ward'),
(261, 'Khalalio', 10, 'ward'),
(262, 'Neboi', 10, 'ward'),
(263, 'Township', 10, 'ward'),
(264, 'Ashabito', 10, 'ward'),
(265, 'Guticha', 10, 'ward'),
(266, 'Marothile', 10, 'ward'),
(267, 'Rhamu', 10, 'ward'),
(268, 'Rhamu Dimtu', 10, 'ward'),
(269, 'Takaba South', 10, 'ward'),
(270, 'Takaba', 10, 'ward'),
(271, 'Lagsure', 10, 'ward'),
(272, 'Dandu', 10, 'ward'),
(273, 'Gither', 10, 'ward'),
(274, 'Banissa', 10, 'ward'),
(275, 'Derkhale', 10, 'ward'),
(276, 'Guba', 10, 'ward'),
(277, 'Malkamari', 10, 'ward'),
(278, 'Kiliwehiri', 10, 'ward'),
(279, 'North Horr', 11, 'ward'),
(280, 'Maikona', 11, 'ward'),
(281, 'Laisamis', 11, 'ward'),
(282, 'Saku', 11, 'ward'),
(283, 'Karare', 11, 'ward'),
(284, 'Londas', 11, 'ward'),
(285, 'Sibiloi', 11, 'ward'),
(286, 'Sultan Hamud', 11, 'ward'),
(287, 'Golbo', 11, 'ward'),
(288, 'Turbi', 11, 'ward'),
(289, 'Wargadud', 11, 'ward'),
(290, 'Korr', 11, 'ward'),
(291, 'Shurr', 11, 'ward'),
(292, 'North Horr South', 11, 'ward'),
(293, 'Balesa', 11, 'ward'),
(294, 'Kargi', 11, 'ward'),
(295, 'Loglogo', 11, 'ward'),
(296, 'Iguaso', 11, 'ward'),
(297, 'Moyale East', 11, 'ward'),
(298, 'Moyale West', 11, 'ward'),
(299, 'Cherab', 12, 'ward'),
(300, 'Kinna', 12, 'ward'),
(301, 'Garba Tulla', 12, 'ward'),
(302, 'Oldonyiro', 12, 'ward'),
(303, 'Bamburi', 12, 'ward'),
(304, 'Ngare Mara', 12, 'ward'),
(305, 'Malkadaka', 12, 'ward'),
(306, 'Wabera', 12, 'ward'),
(307, 'Cherab South', 12, 'ward'),
(308, 'Thangatha', 13, 'ward'),
(309, 'Mikinduri', 13, 'ward'),
(310, 'Kiguchwa', 13, 'ward'),
(311, 'Mithara', 13, 'ward'),
(312, 'Karama', 13, 'ward'),
(313, 'Athwana', 13, 'ward'),
(314, 'Akithi', 13, 'ward'),
(315, 'Kianjai', 13, 'ward'),
(316, 'Nkomo', 13, 'ward'),
(317, 'Mbeu', 13, 'ward'),
(318, 'Antuambui', 13, 'ward'),
(319, 'Ntunene', 13, 'ward'),
(320, 'Antubetwe Kiongo', 13, 'ward'),
(321, 'Naathui', 13, 'ward'),
(322, 'Amwathi', 13, 'ward'),
(323, 'Maua', 13, 'ward'),
(324, 'Kegoi/Antobochiu', 13, 'ward'),
(325, 'Athiru Gaiti', 13, 'ward'),
(326, 'Akachiu', 13, 'ward'),
(327, 'Kanuni', 13, 'ward'),
(328, 'Municipality', 13, 'ward'),
(329, 'Ntima East', 13, 'ward'),
(330, 'Ntima West', 13, 'ward'),
(331, 'Nyaki West', 13, 'ward'),
(332, 'Nyaki East', 13, 'ward'),
(333, 'Mitunguu', 13, 'ward'),
(334, 'Igoji East', 13, 'ward'),
(335, 'Igoji West', 13, 'ward'),
(336, 'Abogeta East', 13, 'ward'),
(337, 'Abogeta West', 13, 'ward'),
(338, 'Nkuene', 13, 'ward'),
(339, 'Timau', 13, 'ward'),
(340, 'Kisima', 13, 'ward'),
(341, 'Kiirua/Naari', 13, 'ward'),
(342, 'Ruiri/Rwarera', 13, 'ward'),
(343, 'Kibirichia', 13, 'ward'),
(344, 'Akirang’ondu', 13, 'ward'),
(345, 'Athiru Ruujine', 13, 'ward'),
(346, 'Igembe East Njia', 13, 'ward'),
(347, 'Kangeta', 13, 'ward'),
(348, 'Mwanganthia', 13, 'ward'),
(349, 'Abothuguchi Central', 13, 'ward'),
(350, 'Abothuguchi West', 13, 'ward'),
(351, 'Kiagu', 13, 'ward'),
(352, 'Tharaka', 14, 'ward'),
(353, 'Chuka/Lugari', 14, 'ward'),
(354, 'Maara Central', 14, 'ward'),
(355, 'Maara South', 14, 'ward'),
(356, 'Nkondi', 14, 'ward'),
(357, 'Mwimbi', 14, 'ward'),
(358, 'Chogoria', 14, 'ward'),
(359, 'Karingani', 14, 'ward'),
(360, 'Nithi', 14, 'ward'),
(361, 'Chuka/Igamba', 14, 'ward'),
(362, 'Chiakariga', 14, 'ward'),
(363, 'Chiakariga/Kagio', 14, 'ward'),
(364, 'Gatunga', 14, 'ward'),
(365, 'Kimugul/Ndaluni', 14, 'ward'),
(366, 'Kathwana', 14, 'ward'),
(367, 'Chuka/West', 14, 'ward'),
(368, 'Mwimbiwa', 14, 'ward'),
(369, 'Maara North', 14, 'ward'),
(370, 'Kiunyu', 14, 'ward'),
(371, 'Muthambi', 14, 'ward'),
(372, 'Kimana', 14, 'ward'),
(373, 'Kyeni North', 14, 'ward'),
(374, 'Kyeni South', 14, 'ward'),
(375, 'Endau/Murugi', 14, 'ward'),
(376, 'Itugururu', 14, 'ward'),
(377, 'Nchiru', 14, 'ward'),
(378, 'Gitugu', 14, 'ward'),
(379, 'Katarika', 14, 'ward'),
(380, 'Kathangacini', 14, 'ward'),
(381, 'Kathangacini/Vuria', 14, 'ward'),
(382, 'Ruguru/Ngandori', 15, 'ward'),
(383, 'Kithimu', 15, 'ward'),
(384, 'Nginda', 15, 'ward'),
(385, 'Mbeti North', 15, 'ward'),
(386, 'Kirimari', 15, 'ward'),
(387, 'Gaturi South', 15, 'ward'),
(388, 'Gaturi North', 15, 'ward'),
(389, 'Kaagari South', 15, 'ward'),
(390, 'Kaagari North', 15, 'ward'),
(391, 'Central Ward', 15, 'ward'),
(392, 'Kyeni North', 15, 'ward'),
(393, 'Kyeni South', 15, 'ward'),
(394, 'Mwea', 15, 'ward'),
(395, 'Makima', 15, 'ward'),
(396, 'Mbeti South', 15, 'ward'),
(397, 'Mavuria', 15, 'ward'),
(398, 'Kiambere', 15, 'ward'),
(399, 'Nthawa', 15, 'ward'),
(400, 'Muminji', 15, 'ward'),
(401, 'Evurore', 15, 'ward'),
(402, 'Mutonguni', 16, 'ward'),
(403, 'Munyuni', 16, 'ward'),
(404, 'Kyuso', 16, 'ward'),
(405, 'Kikumbulyu', 16, 'ward'),
(406, 'Ngomeni', 16, 'ward'),
(407, 'Kyangwithya West', 16, 'ward'),
(408, 'Kyangwithya East', 16, 'ward'),
(409, 'Mutha', 16, 'ward'),
(410, 'Mui Ward', 16, 'ward'),
(411, 'Kithumula', 16, 'ward'),
(412, 'Nzambani', 16, 'ward'),
(413, 'Kaumoni', 16, 'ward'),
(414, 'Ivingoni', 16, 'ward'),
(415, 'Ikanga/Kyatune', 16, 'ward'),
(416, 'Katulani', 16, 'ward'),
(417, 'Mumoni', 16, 'ward'),
(418, 'Mutha Ward', 16, 'ward'),
(419, 'Mwingi Central', 16, 'ward'),
(420, 'Migwani', 16, 'ward'),
(421, 'Kyuso South', 16, 'ward'),
(422, 'Zombe/Mwitika', 16, 'ward'),
(423, 'Chuluni', 16, 'ward'),
(424, 'Nzoi', 16, 'ward'),
(425, 'Yatta', 16, 'ward'),
(426, 'Kisasi', 16, 'ward'),
(427, 'Kanziko', 16, 'ward'),
(428, 'Muthale', 16, 'ward'),
(429, 'Nuu', 16, 'ward'),
(430, 'Nuu/Mwitika', 16, 'ward'),
(431, 'Ikanga/Chewet', 16, 'ward'),
(432, 'Matinyani', 16, 'ward'),
(433, 'Mbitini', 16, 'ward'),
(434, 'Katangi', 16, 'ward'),
(435, 'Ikutha', 16, 'ward'),
(436, 'Ikoo', 16, 'ward'),
(437, 'Mbitini West', 16, 'ward'),
(438, 'Matinyani West', 16, 'ward'),
(439, 'Mwingi North', 16, 'ward'),
(440, 'Kivaa', 17, 'ward'),
(441, 'Masinga Central', 17, 'ward'),
(442, 'Ekalakala', 17, 'ward'),
(443, 'Muthesya', 17, 'ward'),
(444, 'Ndithini', 17, 'ward'),
(445, 'Ndalani', 17, 'ward'),
(446, 'Matuu', 17, 'ward'),
(447, 'Kithimani', 17, 'ward'),
(448, 'Ikomba', 17, 'ward'),
(449, 'Katangi', 17, 'ward'),
(450, 'Kangundo North', 17, 'ward'),
(451, 'Kangundo Central', 17, 'ward'),
(452, 'Kangundo East', 17, 'ward'),
(453, 'Kangundo West', 17, 'ward'),
(454, 'Tala', 17, 'ward'),
(455, 'Matungulu North', 17, 'ward'),
(456, 'Matungulu East', 17, 'ward'),
(457, 'Matungulu West', 17, 'ward'),
(458, 'Kyeleni', 17, 'ward'),
(459, 'Mitaboni', 17, 'ward'),
(460, 'Kathiani Central', 17, 'ward'),
(461, 'Upper Kaewa/Iveti', 17, 'ward'),
(462, 'Lower Kaewa/Kaani', 17, 'ward'),
(463, 'Athi River', 17, 'ward'),
(464, 'Kinanie', 17, 'ward'),
(465, 'Muthwani', 17, 'ward'),
(466, 'Syokimau/Mulolongo', 17, 'ward'),
(467, 'Kalama', 17, 'ward'),
(468, 'Mua', 17, 'ward'),
(469, 'Mutitini', 17, 'ward'),
(470, 'Machakos Central', 17, 'ward'),
(471, 'Mumbuni North', 17, 'ward'),
(472, 'Muvuti/Kiima-Kimwe', 17, 'ward'),
(473, 'Kola', 17, 'ward'),
(474, 'Mbiuni', 17, 'ward'),
(475, 'Makutano/Mwala', 17, 'ward'),
(476, 'Masii', 17, 'ward'),
(477, 'Muthetheni', 17, 'ward'),
(478, 'Wamunyu', 17, 'ward'),
(479, 'Kibauni', 17, 'ward'),
(480, 'Wote', 18, 'ward'),
(481, 'Muvau/Kikumini', 18, 'ward'),
(482, 'Kitise/Kithuki', 18, 'ward'),
(483, 'Kalawa', 18, 'ward'),
(484, 'Tala', 18, 'ward'),
(485, 'Mbololo', 18, 'ward'),
(486, 'Kilungu/Kalamba', 18, 'ward'),
(487, 'Kasikeu', 18, 'ward'),
(488, 'Makindu', 18, 'ward'),
(489, 'Kibwezi West', 18, 'ward'),
(490, 'Ng’ombeni', 18, 'ward'),
(491, 'Kikumbulyu/Mitiso', 18, 'ward'),
(492, 'Kikima', 18, 'ward'),
(493, 'Masongaleni', 18, 'ward'),
(494, 'Kitavi', 18, 'ward'),
(495, 'Kilala', 18, 'ward'),
(496, 'Yatta', 18, 'ward'),
(497, 'Tei', 18, 'ward'),
(498, 'Mavindini/Kitise', 18, 'ward'),
(499, 'Kasikeu/Kalamba', 18, 'ward'),
(500, 'Nzaui/Kalamba', 18, 'ward'),
(501, 'Kathonzweni', 18, 'ward'),
(502, 'Mikuyuni', 18, 'ward'),
(503, 'Kisau', 18, 'ward'),
(504, 'Kilome', 18, 'ward'),
(505, 'Emali', 18, 'ward'),
(506, 'Makindu/Kitui', 18, 'ward'),
(507, 'Tseikuru', 18, 'ward'),
(508, 'Utithini', 18, 'ward'),
(509, 'Ukia', 18, 'ward'),
(510, 'Engineer', 19, 'ward'),
(511, 'Gathara', 19, 'ward'),
(512, 'North Kinangop', 19, 'ward'),
(513, 'Murungaru', 19, 'ward'),
(514, 'Njabini/Kiburu', 19, 'ward'),
(515, 'Nyakio', 19, 'ward'),
(516, 'Magumu', 19, 'ward'),
(517, 'Githabai', 19, 'ward'),
(518, 'Wanjohi', 19, 'ward'),
(519, 'Kipipiri', 19, 'ward'),
(520, 'Geta', 19, 'ward'),
(521, 'Githioro', 19, 'ward'),
(522, 'Karau', 19, 'ward'),
(523, 'Kanjuiri Range', 19, 'ward'),
(524, 'Mirangine', 19, 'ward'),
(525, 'Kaimbaga', 19, 'ward'),
(526, 'Rurii', 19, 'ward'),
(527, 'Gathanji', 19, 'ward'),
(528, 'Gatimu', 19, 'ward'),
(529, 'Weru', 19, 'ward'),
(530, 'Charagita', 19, 'ward'),
(531, 'Leshau/Pondo', 19, 'ward'),
(532, 'Kiriita', 19, 'ward'),
(533, 'Central', 19, 'ward'),
(534, 'Shamata', 19, 'ward'),
(535, 'Tetu Central', 20, 'ward'),
(536, 'Tetu East', 20, 'ward'),
(537, 'Kieni West', 20, 'ward'),
(538, 'Kieni East', 20, 'ward'),
(539, 'Othaya Town', 20, 'ward'),
(540, 'Karima', 20, 'ward'),
(541, 'Kieni South', 20, 'ward'),
(542, 'Magumu', 20, 'ward'),
(543, 'Nyeri Central', 20, 'ward'),
(544, 'Kamuyu', 20, 'ward'),
(545, 'Ruringu', 20, 'ward'),
(546, 'Kiamariga', 20, 'ward'),
(547, 'Nyeri Town', 20, 'ward'),
(548, 'Gatitu/Gatianyu', 20, 'ward'),
(549, 'Mukaro/Mathari', 20, 'ward'),
(550, 'Karangatha', 20, 'ward'),
(551, 'Rware', 20, 'ward'),
(552, 'Wamagana', 20, 'ward'),
(553, 'Mukurweini East', 20, 'ward'),
(554, 'Mukurweini West', 20, 'ward'),
(555, 'Karakuyu', 20, 'ward'),
(556, 'Kiruara', 20, 'ward'),
(557, 'Gatitu/Nyaki', 20, 'ward'),
(558, 'Kagumo/Tagaro', 20, 'ward'),
(559, 'Gatarakwa', 20, 'ward'),
(560, 'Kagumo Central', 20, 'ward'),
(561, 'Kiamwangi', 20, 'ward'),
(562, 'Kinyona', 20, 'ward'),
(563, 'Gathaithi', 20, 'ward'),
(564, 'Rugi Ward', 20, 'ward'),
(565, 'Kutus/Mutira', 21, 'ward'),
(566, 'Baricho', 21, 'ward'),
(567, 'Mwea East', 21, 'ward'),
(568, 'Mwea West', 21, 'ward'),
(569, 'Kangai', 21, 'ward'),
(570, 'Kimuri', 21, 'ward'),
(571, 'Kirimukuyu', 21, 'ward'),
(572, 'Nyamari', 21, 'ward'),
(573, 'Kerugoya Central', 21, 'ward'),
(574, 'Kerugoya South', 21, 'ward'),
(575, 'Kianyaga', 21, 'ward'),
(576, 'Mathangauta/Gathuthi', 21, 'ward'),
(577, 'Kabare', 21, 'ward'),
(578, 'Murinduko', 21, 'ward'),
(579, 'Karumandi', 21, 'ward'),
(580, 'Gakira/Karaba', 21, 'ward'),
(581, 'Gitugi', 21, 'ward'),
(582, 'Ngariama/Baragwi', 21, 'ward'),
(583, 'Makutano/Karaba', 21, 'ward'),
(584, 'Njukiini', 21, 'ward'),
(585, 'Kiaruthi/Mirithu', 21, 'ward'),
(586, 'Thiba/Ngariama', 21, 'ward'),
(587, 'Kianyaga North', 21, 'ward'),
(588, 'Kanyonyo', 21, 'ward'),
(589, 'Mucucini', 21, 'ward'),
(590, 'Karumandi Central', 21, 'ward'),
(591, 'Kanjuki', 21, 'ward'),
(592, 'Kicukiro/Kasuku', 21, 'ward'),
(593, 'Ngariama East', 21, 'ward'),
(594, 'Murinduko East', 21, 'ward'),
(595, 'Kangema Town', 22, 'ward'),
(596, 'Kangema Central', 22, 'ward'),
(597, 'Kangema West', 22, 'ward'),
(598, 'Kigumo Central', 22, 'ward'),
(599, 'Kairuri South', 22, 'ward'),
(600, 'Ichagaki', 22, 'ward'),
(601, 'Kiharu', 22, 'ward'),
(602, 'Maragua Township', 22, 'ward'),
(603, 'Muguru/North Imenti', 22, 'ward'),
(604, 'Wangu', 22, 'ward'),
(605, 'Karatina Central', 22, 'ward'),
(606, 'Karatina West', 22, 'ward'),
(607, 'Njia South', 22, 'ward'),
(608, 'Ithanga', 22, 'ward'),
(609, 'Njia North', 22, 'ward'),
(610, 'Gitugi', 22, 'ward'),
(611, 'Kanyeki/Bigwa', 22, 'ward'),
(612, 'Ruguru‑ini', 22, 'ward'),
(613, 'Muthithi', 22, 'ward'),
(614, 'Gaturi/Kiharu East', 22, 'ward'),
(615, 'Kieni East', 22, 'ward'),
(616, 'Ng’araria', 22, 'ward'),
(617, 'Makuyu', 22, 'ward'),
(618, 'Muthithi South', 22, 'ward'),
(619, 'Kang’eri', 22, 'ward'),
(620, 'Mugoiri North', 22, 'ward'),
(621, 'Gakira/Ngorano', 22, 'ward'),
(622, 'Kihari/Mathari', 22, 'ward'),
(623, 'Ibuki', 22, 'ward'),
(624, 'Kariaini', 22, 'ward'),
(625, 'Biashara', 23, 'ward'),
(626, 'Kimbo', 23, 'ward'),
(627, 'Ndumberi', 23, 'ward'),
(628, 'Kabiruini', 23, 'ward'),
(629, 'Kiambaa', 23, 'ward'),
(630, 'Kiamwangi', 23, 'ward'),
(631, 'Kiganjo', 23, 'ward'),
(632, 'Gatamaiyu', 23, 'ward'),
(633, 'Ng’ando', 23, 'ward'),
(634, 'Ndunyu Chege', 23, 'ward'),
(635, 'Kiamu', 23, 'ward'),
(636, 'Kamwangi', 23, 'ward'),
(637, 'Kang’otho', 23, 'ward'),
(638, 'Kairi', 23, 'ward'),
(639, 'Mbiri', 23, 'ward'),
(640, 'Juja', 23, 'ward'),
(641, 'Kalimoni', 23, 'ward'),
(642, 'Witeithie', 23, 'ward'),
(643, 'Murera', 23, 'ward'),
(644, 'Theta', 23, 'ward'),
(645, 'Kiuu', 23, 'ward'),
(646, 'Gatongora', 23, 'ward'),
(647, 'Kahawa Sukari', 23, 'ward'),
(648, 'Kahawa Wendani', 23, 'ward'),
(649, 'Ruiru', 23, 'ward'),
(650, 'Githurai', 23, 'ward'),
(651, 'Hospital', 23, 'ward'),
(652, 'Witeini', 23, 'ward'),
(653, 'Kamenu', 23, 'ward'),
(654, 'Thika Town', 23, 'ward'),
(655, 'Gitothua', 23, 'ward'),
(656, 'Giakanja', 23, 'ward'),
(657, 'Kaniga', 23, 'ward'),
(658, 'Githunguri', 23, 'ward'),
(659, 'Ndunyu Gathu', 23, 'ward'),
(660, 'Ndenderu', 23, 'ward'),
(661, 'Kihara', 23, 'ward'),
(662, 'Lower Kabete', 23, 'ward'),
(663, 'Mountain View', 23, 'ward'),
(664, 'Kiambu West', 23, 'ward'),
(665, 'Runda', 23, 'ward'),
(666, 'Muthaiga', 23, 'ward'),
(667, 'Rosslyn', 23, 'ward'),
(668, 'Nairobi North', 23, 'ward'),
(669, 'Kiambu East', 23, 'ward'),
(670, 'Limuru', 23, 'ward'),
(671, 'Ngewa', 23, 'ward'),
(672, 'Kinale', 23, 'ward'),
(673, 'Lari', 23, 'ward'),
(674, 'Tigoni', 23, 'ward'),
(675, 'Kabete', 23, 'ward'),
(676, 'Spring Valley', 23, 'ward'),
(677, 'Lower Kabete North', 23, 'ward'),
(678, 'Greenpark', 23, 'ward'),
(679, 'Mountain View North', 23, 'ward'),
(680, 'Lari', 23, 'ward'),
(681, 'Kinale West', 23, 'ward'),
(682, 'Tigoni North', 23, 'ward'),
(683, 'Limuru East', 23, 'ward'),
(684, 'Ndeiya', 23, 'ward'),
(685, 'Letea', 24, 'ward'),
(686, 'Lomeskeleng', 24, 'ward'),
(687, 'Kalokol', 24, 'ward'),
(688, 'Kakuma', 24, 'ward'),
(689, 'Nawoiyanga', 24, 'ward'),
(690, 'Lokichogio East', 24, 'ward'),
(691, 'Lokichogio West', 24, 'ward'),
(692, 'Lokori', 24, 'ward'),
(693, 'Kapedo', 24, 'ward'),
(694, 'Kekarongole', 24, 'ward'),
(695, 'Lobokat', 24, 'ward'),
(696, 'Lobur', 24, 'ward'),
(697, 'Kaikor', 24, 'ward'),
(698, 'Napotet', 24, 'ward'),
(699, 'Lobei/Lobelion', 24, 'ward'),
(700, 'Nanam', 24, 'ward'),
(701, 'Lokori North', 24, 'ward'),
(702, 'Lokichar', 24, 'ward'),
(703, 'Kalapata', 24, 'ward'),
(704, 'Ng’ambo', 24, 'ward'),
(705, 'Lopiding', 24, 'ward'),
(706, 'Kalemchony', 24, 'ward'),
(707, 'Kaputir', 24, 'ward'),
(708, 'Natei/Enkajar', 24, 'ward'),
(709, 'Kibish', 24, 'ward'),
(710, 'Ileret', 24, 'ward'),
(711, 'Nurigom', 24, 'ward'),
(712, 'Lokitaung', 24, 'ward'),
(713, 'Kalokol South', 24, 'ward'),
(714, 'Tarach/Nakulion', 24, 'ward'),
(715, 'Turgon', 24, 'ward'),
(716, 'Kang’atotha/West', 24, 'ward'),
(717, 'Katilu', 24, 'ward'),
(718, 'Tirr/Timur', 24, 'ward'),
(719, 'Kanyerus', 24, 'ward'),
(720, 'Kapenguria', 25, 'ward'),
(721, 'Sigor South', 25, 'ward'),
(722, 'Kodich', 25, 'ward'),
(723, 'Pokot Central', 25, 'ward'),
(724, 'Lelan', 25, 'ward'),
(725, 'Sook', 25, 'ward'),
(726, 'Kasei', 25, 'ward'),
(727, 'Siyoi', 25, 'ward'),
(728, 'Chepareria', 25, 'ward'),
(729, 'Riwo', 25, 'ward'),
(730, 'Tartar', 25, 'ward'),
(731, 'Simit', 25, 'ward'),
(732, 'Lobur', 25, 'ward'),
(733, 'Tapach', 25, 'ward'),
(734, 'Murkutwo', 25, 'ward'),
(735, 'Kiptoror', 25, 'ward'),
(736, 'Kanyarkwat', 25, 'ward'),
(737, 'Kipchongei', 25, 'ward'),
(738, 'Masol', 25, 'ward'),
(739, 'Sigor North', 25, 'ward'),
(740, 'Alale', 25, 'ward'),
(741, 'Chesegon', 25, 'ward'),
(742, 'Kaparka', 25, 'ward'),
(743, 'Kapyego', 25, 'ward'),
(744, 'Maralal', 26, 'ward'),
(745, 'Baragoi', 26, 'ward'),
(746, 'Suguta Mar Mar', 26, 'ward'),
(747, 'Lodokejek', 26, 'ward'),
(748, 'Wamba', 26, 'ward'),
(749, 'Waso East', 26, 'ward'),
(750, 'Waso West', 26, 'ward'),
(751, 'Nyiro', 26, 'ward'),
(752, 'Ng’arua', 26, 'ward'),
(753, 'Kiltamany', 26, 'ward'),
(754, 'Lodosoit', 26, 'ward'),
(755, 'Sereolipi', 26, 'ward'),
(756, 'Sangole', 26, 'ward'),
(757, 'Ng’arua East', 26, 'ward'),
(758, 'Nkaron', 26, 'ward'),
(759, 'Mbaale', 26, 'ward'),
(760, 'Kirisia', 26, 'ward'),
(761, 'Suyian', 26, 'ward'),
(762, 'Wamba East', 26, 'ward'),
(763, 'Wamba West', 26, 'ward'),
(764, 'Kiminini', 27, 'ward'),
(765, 'Milima', 27, 'ward'),
(766, 'Kipkaren', 27, 'ward'),
(767, 'Kapsara', 27, 'ward'),
(768, 'Endebess', 27, 'ward'),
(769, 'Saboti', 27, 'ward'),
(770, 'Koitobos', 27, 'ward'),
(771, 'Kaplamai', 27, 'ward'),
(772, 'Chesamis', 27, 'ward'),
(773, 'Kipchumba', 27, 'ward'),
(774, 'Watotobo', 27, 'ward'),
(775, 'Koitobos East', 27, 'ward'),
(776, 'Koitobos West', 27, 'ward'),
(777, 'Kipchumba North', 27, 'ward'),
(778, 'Kaplong', 27, 'ward'),
(779, 'Kapteny', 27, 'ward'),
(780, 'Kipsomit', 27, 'ward'),
(781, 'Kiptororo', 27, 'ward'),
(782, 'Kamukuywa', 27, 'ward'),
(783, 'Chepsir', 27, 'ward'),
(784, 'Chepkeche', 27, 'ward'),
(785, 'Soy South', 27, 'ward'),
(786, 'Soy North', 27, 'ward'),
(787, 'Kipkaren West', 27, 'ward'),
(788, 'Chepsir East', 27, 'ward'),
(789, 'Chepsir West', 27, 'ward'),
(790, 'Kipsomba', 27, 'ward'),
(791, 'Kapchemobor', 27, 'ward'),
(792, 'Kapese', 27, 'ward'),
(793, 'Kapsowar', 27, 'ward'),
(794, 'Turbo', 28, 'ward'),
(795, 'Kimumu', 28, 'ward'),
(796, 'Kapseret', 28, 'ward'),
(797, 'Kesses', 28, 'ward'),
(798, 'Moiben', 28, 'ward'),
(799, 'Tembelio', 28, 'ward'),
(800, 'Ainabkoi', 28, 'ward'),
(801, 'Kapsoya', 28, 'ward'),
(802, 'Huruma', 28, 'ward'),
(803, 'Kiplombe', 28, 'ward'),
(804, 'Soy', 28, 'ward'),
(805, 'Kipchoge', 28, 'ward'),
(806, 'Kipkaren Forest', 28, 'ward'),
(807, 'Race Course', 28, 'ward'),
(808, 'Sergoit', 28, 'ward'),
(809, 'Moiben East', 28, 'ward'),
(810, 'Moiben West', 28, 'ward'),
(811, 'Moiben Central', 28, 'ward'),
(812, 'Kapchirwa', 28, 'ward'),
(813, 'Kipkaren', 28, 'ward'),
(814, 'Kimumu North', 28, 'ward'),
(815, 'Kimumu South', 28, 'ward'),
(816, 'Kapsoya East', 28, 'ward'),
(817, 'Kapsoya West', 28, 'ward'),
(818, 'Huruma East', 28, 'ward'),
(819, 'Huruma West', 28, 'ward'),
(820, 'Ainabkoi East', 28, 'ward'),
(821, 'Ainabkoi West', 28, 'ward'),
(822, 'Kesses East', 28, 'ward'),
(823, 'Kesses West', 28, 'ward'),
(824, 'Cheptiret', 28, 'ward'),
(825, 'Mbegu', 28, 'ward'),
(826, 'Cheptiret East', 28, 'ward'),
(827, 'Cheptiret West', 28, 'ward'),
(828, 'Sergoit East', 28, 'ward'),
(829, 'Kapkangani', 29, 'ward'),
(830, 'Kabiemit', 29, 'ward'),
(831, 'Tambach', 29, 'ward'),
(832, 'Moiben', 29, 'ward'),
(833, 'Kapchemutwa', 29, 'ward'),
(834, 'Kapkures', 29, 'ward'),
(835, 'Kisiara', 29, 'ward'),
(836, 'Endo', 29, 'ward'),
(837, 'Chesongoch', 29, 'ward'),
(838, 'Kapkenda', 29, 'ward'),
(839, 'Sugei', 29, 'ward'),
(840, 'Murutet', 29, 'ward'),
(841, 'Kapkurgwen', 29, 'ward'),
(842, 'Muruny', 29, 'ward'),
(843, 'Chesongoch South', 29, 'ward'),
(844, 'Kapkangani East', 29, 'ward'),
(845, 'Kapkangani West', 29, 'ward'),
(846, 'Kaptagat', 29, 'ward'),
(847, 'Tambach East', 29, 'ward'),
(848, 'Tambach West', 29, 'ward'),
(849, 'Kabiemit North', 29, 'ward'),
(850, 'Kabiemit South', 29, 'ward'),
(851, 'Kapkures East', 29, 'ward'),
(852, 'Kapkures West', 29, 'ward'),
(853, 'Endo North', 29, 'ward'),
(854, 'Endo South', 29, 'ward'),
(855, 'Sugei East', 29, 'ward'),
(856, 'Sugei West', 29, 'ward'),
(857, 'Murutet East', 29, 'ward'),
(858, 'Murutet West', 29, 'ward'),
(859, 'Chepsamo', 30, 'ward'),
(860, 'Kapkangani', 30, 'ward'),
(861, 'Kipkarren', 30, 'ward'),
(862, 'Kilibwoni', 30, 'ward'),
(863, 'Kabiyet/Kaptumo', 30, 'ward'),
(864, 'Kapsabet East', 30, 'ward'),
(865, 'Kapsabet West', 30, 'ward'),
(866, 'Kiptoror', 30, 'ward'),
(867, 'Kaptumo', 30, 'ward'),
(868, 'Nandi Hills', 30, 'ward'),
(869, 'Koret', 30, 'ward'),
(870, 'Kapsisiywa', 30, 'ward'),
(871, 'Nandi Central', 30, 'ward'),
(872, 'Kilibwoni East', 30, 'ward'),
(873, 'Kapsaos', 30, 'ward'),
(874, 'Ainabkoi', 30, 'ward'),
(875, 'Tindiret', 30, 'ward'),
(876, 'Kapchemutwa', 30, 'ward'),
(877, 'Kapchorua', 30, 'ward'),
(878, 'Nderit', 30, 'ward'),
(879, 'Chesumei', 30, 'ward'),
(880, 'Kimumu', 30, 'ward'),
(881, 'Nandi East', 30, 'ward'),
(882, 'Nandi South', 30, 'ward'),
(883, 'Kaburobosit', 30, 'ward'),
(884, 'Chemundu', 30, 'ward'),
(885, 'Charajon', 30, 'ward'),
(886, 'Kiplelen', 30, 'ward'),
(887, 'Koitalel', 30, 'ward'),
(888, 'Kobujoi', 30, 'ward'),
(889, 'Kabartonjo', 31, 'ward'),
(890, 'Tenges', 31, 'ward'),
(891, 'Sacho', 31, 'ward'),
(892, 'Kapropita', 31, 'ward'),
(893, 'Kabartonjo West', 31, 'ward'),
(894, 'Kabartonjo East', 31, 'ward'),
(895, 'Tenges West', 31, 'ward'),
(896, 'Sacho Central', 31, 'ward'),
(897, 'Sacho East', 31, 'ward'),
(898, 'Baringo South', 31, 'ward'),
(899, 'Baringo Central', 31, 'ward'),
(900, 'Baringo North', 31, 'ward'),
(901, 'Baringo East', 31, 'ward'),
(902, 'Baringo West', 31, 'ward'),
(903, 'Ewalel/Loaltir', 31, 'ward'),
(904, 'Mutwo', 31, 'ward'),
(905, 'Kaloleni', 31, 'ward'),
(906, 'Loruk/Loruba', 31, 'ward'),
(907, 'Mukutani', 31, 'ward'),
(908, 'Kabernes', 31, 'ward'),
(909, 'Mukutani West', 31, 'ward'),
(910, 'Kabarsatian', 31, 'ward'),
(911, 'Kapchok', 31, 'ward'),
(912, 'Saimo/Kipsaraman', 31, 'ward'),
(913, 'Tembelia', 31, 'ward'),
(914, 'Metkei', 31, 'ward'),
(915, 'Kisanana/Ng’etuny', 31, 'ward'),
(916, 'Mumbuni', 31, 'ward'),
(917, 'Katimok/Olbolotian', 31, 'ward'),
(918, 'Tenges East', 31, 'ward'),
(919, 'Laikipia North', 32, 'ward'),
(920, 'Laikipia West', 32, 'ward'),
(921, 'Laikipia East', 32, 'ward'),
(922, 'Rumuruti', 32, 'ward'),
(923, 'Umande', 32, 'ward'),
(924, 'Mugogodo/Kom', 32, 'ward'),
(925, 'Ol Moran', 32, 'ward'),
(926, 'Nanyuki North', 32, 'ward'),
(927, 'Nanyuki South', 32, 'ward'),
(928, 'Ngobit', 32, 'ward'),
(929, 'Igwamiti', 32, 'ward'),
(930, 'Kikali/Ol Ari Nyiro', 32, 'ward'),
(931, 'Sabache', 32, 'ward'),
(932, 'Sale', 32, 'ward'),
(933, 'Lodokejek East', 32, 'ward'),
(934, 'Lodokejek West', 32, 'ward'),
(935, 'Endana', 32, 'ward'),
(936, 'Mbaruk/Ebaasis', 32, 'ward'),
(937, 'Lodung’wa', 32, 'ward'),
(938, 'Ngarua', 32, 'ward'),
(939, 'Ngarua/Kinamba', 32, 'ward'),
(940, 'Kinna/Kisima', 32, 'ward'),
(941, 'Purko', 32, 'ward'),
(942, 'Mukogodo East', 32, 'ward'),
(943, 'Mukogodo West', 32, 'ward'),
(944, 'Ol Moran East', 32, 'ward'),
(945, 'Ol Moran West', 32, 'ward'),
(946, 'Nanyuki West', 32, 'ward'),
(947, 'Tigithi', 32, 'ward'),
(948, 'Rugus', 32, 'ward'),
(949, 'Ziwa', 33, 'ward'),
(950, 'Banana', 33, 'ward'),
(951, 'Muratina', 33, 'ward'),
(952, 'Kiamaina', 33, 'ward'),
(953, 'Kaptembwa', 33, 'ward'),
(954, 'Rhino/Chemosot', 33, 'ward'),
(955, 'Kapsoya', 33, 'ward'),
(956, 'Solai', 33, 'ward'),
(957, 'Njoro North', 33, 'ward'),
(958, 'Njoro South', 33, 'ward'),
(959, 'Baruti', 33, 'ward'),
(960, 'Mau Narok', 33, 'ward'),
(961, 'Mauche', 33, 'ward'),
(962, 'Kuresoi South', 33, 'ward'),
(963, 'Tinet', 33, 'ward'),
(964, 'Mbogoini', 33, 'ward'),
(965, 'Meebet', 33, 'ward'),
(966, 'Keringet', 33, 'ward'),
(967, 'Keringet East', 33, 'ward'),
(968, 'Keringet West', 33, 'ward'),
(969, 'Tinet East', 33, 'ward'),
(970, 'Tinet West', 33, 'ward'),
(971, 'Kapkelei', 33, 'ward'),
(972, 'Flamingo', 33, 'ward'),
(973, 'Lanet Umoja', 33, 'ward'),
(974, 'Lanet/Sagana', 33, 'ward'),
(975, 'Solai West', 33, 'ward'),
(976, 'Subukia', 33, 'ward'),
(977, 'Kabazi', 33, 'ward'),
(978, 'Kabazi East', 33, 'ward'),
(979, 'Kabazi West', 33, 'ward'),
(980, 'Njoro Kabazi', 33, 'ward'),
(981, 'Kuresoi North', 33, 'ward'),
(982, 'Mugoini East', 33, 'ward'),
(983, 'Mugoini West', 33, 'ward'),
(984, 'Mau Summit', 33, 'ward'),
(985, 'Mau Timber', 33, 'ward'),
(986, 'Muguga', 33, 'ward'),
(987, 'Naivasha Town', 33, 'ward'),
(988, 'Haile Selassie/Shabaab', 33, 'ward'),
(989, 'Karagita', 33, 'ward'),
(990, 'Kihoto', 33, 'ward'),
(991, 'Lanet/Kaptembwa', 33, 'ward'),
(992, 'Shabaab', 33, 'ward'),
(993, 'Naivasha Central', 33, 'ward'),
(994, 'Naivasha East', 33, 'ward'),
(995, 'Naivasha West', 33, 'ward'),
(996, 'Naivasha South', 33, 'ward'),
(997, 'Mai Mahiu', 33, 'ward'),
(998, 'Elementaita', 33, 'ward'),
(999, 'Gilgil', 33, 'ward'),
(1000, 'Malewa West', 33, 'ward'),
(1001, 'Turi North', 33, 'ward'),
(1002, 'Turi South', 33, 'ward'),
(1003, 'Molo East', 33, 'ward'),
(1004, 'Narok North', 34, 'ward'),
(1005, 'Naikara East', 34, 'ward'),
(1006, 'Naikara West', 34, 'ward'),
(1007, 'Moses Wonder Kamau', 34, 'ward'),
(1008, 'Ololulunga', 34, 'ward'),
(1009, 'Nkareta', 34, 'ward'),
(1010, 'Narok East', 34, 'ward'),
(1011, 'Narok South', 34, 'ward'),
(1012, 'Olpusimoru', 34, 'ward'),
(1013, 'Territorial', 34, 'ward'),
(1014, 'Maji Moto', 34, 'ward'),
(1015, 'Sirimoni', 34, 'ward'),
(1016, 'Ololulung’a West', 34, 'ward'),
(1017, 'Olpusimoru East', 34, 'ward'),
(1018, 'Olpusimoru West', 34, 'ward'),
(1019, 'Nkareta East', 34, 'ward'),
(1020, 'Kilgoris', 34, 'ward'),
(1021, 'Lolgorian', 34, 'ward'),
(1022, 'Kilgoris East', 34, 'ward'),
(1023, 'Kilgoris West', 34, 'ward'),
(1024, 'Ilden', 34, 'ward'),
(1025, 'Kimintet', 34, 'ward'),
(1026, 'Emurua Dikirr', 34, 'ward'),
(1027, 'Murkan', 34, 'ward'),
(1028, 'Mulot', 34, 'ward'),
(1029, 'Lolgorian East', 34, 'ward'),
(1030, 'Lolgorian West', 34, 'ward'),
(1031, 'Maji Moto East', 34, 'ward'),
(1032, 'Maji Moto West', 34, 'ward'),
(1033, 'Mosiro', 34, 'ward'),
(1034, 'Kisamis', 34, 'ward'),
(1035, 'Olorropil', 34, 'ward'),
(1036, 'Ololunga East', 34, 'ward'),
(1037, 'Kilgoris South', 34, 'ward'),
(1038, 'Olpusimoru Central', 34, 'ward'),
(1039, 'Isinya', 35, 'ward'),
(1040, 'Kiserian', 35, 'ward'),
(1041, 'Oltepesi', 35, 'ward'),
(1042, 'Entonet/Lenkisim', 35, 'ward'),
(1043, 'Olooloitikosh', 35, 'ward'),
(1044, 'Kimana', 35, 'ward'),
(1045, 'Matapato North', 35, 'ward'),
(1046, 'Matapato South', 35, 'ward'),
(1047, 'Magadi', 35, 'ward'),
(1048, 'Imaroro', 35, 'ward'),
(1049, 'Mosiro North', 35, 'ward'),
(1050, 'Mosiro South', 35, 'ward'),
(1051, 'Ngong', 35, 'ward'),
(1052, 'Kajiado Central', 35, 'ward'),
(1053, 'Pekindet/Olkeri', 35, 'ward'),
(1054, 'Kajiado North', 35, 'ward'),
(1055, 'Ongata Rongai', 35, 'ward'),
(1056, 'Mbirikani East', 35, 'ward'),
(1057, 'Mbirikani West', 35, 'ward'),
(1058, 'Eselenkei', 35, 'ward'),
(1059, 'Kimana West', 35, 'ward'),
(1060, 'Ewuaso O( Nkidong’i)', 35, 'ward'),
(1061, 'Nkaimurunya', 35, 'ward'),
(1062, 'Merisho', 35, 'ward'),
(1063, 'Oshiombo', 35, 'ward'),
(1064, 'Sekenani', 35, 'ward'),
(1065, 'Oloolunga', 35, 'ward'),
(1066, 'Olpurapur', 35, 'ward'),
(1067, 'Elandess/Imaroro Central', 35, 'ward'),
(1068, 'Mbiuni', 35, 'ward'),
(1069, 'Olng’eta', 35, 'ward'),
(1070, 'Olpusimoru', 35, 'ward'),
(1071, 'Namelok', 35, 'ward'),
(1072, 'Kajiado West', 35, 'ward'),
(1073, 'Sholinke', 35, 'ward'),
(1074, 'Entonet Olkeri', 35, 'ward'),
(1075, 'Purko', 35, 'ward'),
(1076, 'Sultan', 35, 'ward'),
(1077, 'Olpusimoru East', 35, 'ward'),
(1078, 'Olpusimoru West', 35, 'ward'),
(1079, 'Turen Wanyorit', 36, 'ward'),
(1080, 'Kipkelion Ward', 36, 'ward'),
(1081, 'Kipkelion East', 36, 'ward'),
(1082, 'Kapkugerwet', 36, 'ward'),
(1083, 'Tendoin', 36, 'ward'),
(1084, 'Chebisom', 36, 'ward'),
(1085, 'Kiptere', 36, 'ward'),
(1086, 'Kabiemit', 36, 'ward'),
(1087, 'Londiani', 36, 'ward'),
(1088, 'Siongiroi', 36, 'ward'),
(1089, 'Kipsangui', 36, 'ward'),
(1090, 'Kapchemutwa', 36, 'ward'),
(1091, 'Ainamoi', 36, 'ward'),
(1092, 'Kiptagich', 36, 'ward'),
(1093, 'Chepsigorit', 36, 'ward'),
(1094, 'Litein/Segero', 36, 'ward'),
(1095, 'Kunyak', 36, 'ward'),
(1096, 'Tendeno', 36, 'ward'),
(1097, 'Kipsombe', 36, 'ward'),
(1098, 'Sotik Central', 36, 'ward'),
(1099, 'Sotik East', 36, 'ward'),
(1100, 'Sotik West', 36, 'ward'),
(1101, 'Lelmokwo', 36, 'ward'),
(1102, 'Beinet', 36, 'ward'),
(1103, 'Kipsonoi', 36, 'ward'),
(1104, 'Konyu', 36, 'ward'),
(1105, 'Kabozet', 36, 'ward'),
(1106, 'Kaplelartet', 36, 'ward'),
(1107, 'Cheptororiet', 36, 'ward'),
(1108, 'Chebogen', 36, 'ward'),
(1109, 'Kipkelion North', 36, 'ward'),
(1110, 'Kipkelion South', 36, 'ward'),
(1111, 'Londiani Central', 36, 'ward'),
(1112, 'Kipchebor', 36, 'ward'),
(1113, 'Roret', 36, 'ward'),
(1114, 'Chebunyo', 37, 'ward'),
(1115, 'Singorwet', 37, 'ward'),
(1116, 'Kong’eren', 37, 'ward'),
(1117, 'Kaplong', 37, 'ward'),
(1118, 'Tengecha', 37, 'ward'),
(1119, 'Munyon', 37, 'ward'),
(1120, 'Kipsonoi', 37, 'ward'),
(1121, 'Mutarakwa', 37, 'ward'),
(1122, 'Bomet Central', 37, 'ward'),
(1123, 'Siongiroi', 37, 'ward'),
(1124, 'Chepalungu', 37, 'ward'),
(1125, 'Kaplelach', 37, 'ward'),
(1126, 'Kolojuen/Churo', 37, 'ward'),
(1127, 'Sotik East', 37, 'ward'),
(1128, 'Sotik West', 37, 'ward'),
(1129, 'Silibwet', 37, 'ward'),
(1130, 'Chepkwony', 37, 'ward'),
(1131, 'Kipkoskei', 37, 'ward'),
(1132, 'Metkei', 37, 'ward'),
(1133, 'Chebunyo East', 37, 'ward'),
(1134, 'Roret', 37, 'ward'),
(1135, 'Bomet East', 37, 'ward'),
(1136, 'Cheplogen', 37, 'ward'),
(1137, 'Boito', 37, 'ward'),
(1138, 'Kiptenden', 37, 'ward'),
(1139, 'Chemaner', 37, 'ward'),
(1140, 'Chebiririet', 37, 'ward'),
(1141, 'Siongiroi East', 37, 'ward'),
(1142, 'Siongiroi West', 37, 'ward'),
(1143, 'Kiplombe', 37, 'ward'),
(1144, 'Ikolomani', 38, 'ward'),
(1145, 'Matungu', 38, 'ward'),
(1146, 'Mumias East', 38, 'ward'),
(1147, 'Mumias West', 38, 'ward'),
(1148, 'Malinya', 38, 'ward'),
(1149, 'Shibuli', 38, 'ward'),
(1150, 'Musanda', 38, 'ward'),
(1151, 'Mumias Central', 38, 'ward'),
(1152, 'Mumias North', 38, 'ward'),
(1153, 'Mumias South', 38, 'ward'),
(1154, 'Navakholo', 38, 'ward'),
(1155, 'St. Mary’s/Ikolomani', 38, 'ward'),
(1156, 'Navakholo East', 38, 'ward'),
(1157, 'Navakholo West', 38, 'ward'),
(1158, 'Malinya East', 38, 'ward'),
(1159, 'Malinya West', 38, 'ward'),
(1160, 'Shinomonde', 38, 'ward'),
(1161, 'Lwandeti', 38, 'ward'),
(1162, 'Makhoba', 38, 'ward'),
(1163, 'Eshibuli', 38, 'ward'),
(1164, 'Khwisero', 38, 'ward'),
(1165, 'Miranga', 38, 'ward'),
(1166, 'Shikolongo', 38, 'ward'),
(1167, 'Shibale', 38, 'ward'),
(1168, 'Kilingili', 38, 'ward'),
(1169, 'Shikunga', 38, 'ward'),
(1170, 'Sango', 38, 'ward'),
(1171, 'Luchanga', 38, 'ward'),
(1172, 'Navakholo Central', 38, 'ward'),
(1173, 'Mumias Creek', 38, 'ward'),
(1174, 'Etenje', 38, 'ward'),
(1175, 'Isukha', 38, 'ward'),
(1176, 'Irewe', 38, 'ward'),
(1177, 'Butsotso South', 38, 'ward'),
(1178, 'Butsotso Central', 38, 'ward'),
(1179, 'Butsotso North', 38, 'ward'),
(1180, 'Butsotso East', 38, 'ward'),
(1181, 'Butsotso West', 38, 'ward'),
(1182, 'Eshisiru', 38, 'ward'),
(1183, 'Eshisiru Central', 38, 'ward'),
(1184, 'Itondo', 38, 'ward'),
(1185, 'Itondo East', 38, 'ward'),
(1186, 'Shibale East', 38, 'ward'),
(1187, 'Shibale West', 38, 'ward'),
(1188, 'Mavoli South', 38, 'ward'),
(1189, 'Mavoli North', 38, 'ward'),
(1190, 'Shikomari/Kasemenyi', 38, 'ward'),
(1191, 'Shikusa East', 38, 'ward'),
(1192, 'Shikusa West', 38, 'ward'),
(1193, 'Ezakhu/Emutsambili', 38, 'ward'),
(1194, 'Ezakhu East', 38, 'ward'),
(1195, 'Ezakhu West', 38, 'ward'),
(1196, 'Kapsokwony', 38, 'ward'),
(1197, 'Kabras', 38, 'ward'),
(1198, 'Khwisero East', 38, 'ward'),
(1199, 'Khwisero West', 38, 'ward'),
(1200, 'Mumias Southeast', 38, 'ward'),
(1201, 'Navakholo Southeast', 38, 'ward'),
(1202, 'Navakholo Northeast', 38, 'ward'),
(1203, 'Butsotso Southeast', 38, 'ward'),
(1204, 'Vihiga Ward', 39, 'ward'),
(1205, 'Wemilabi', 39, 'ward'),
(1206, 'Cheptulu', 39, 'ward'),
(1207, 'Emusire', 39, 'ward'),
(1208, 'Mbale', 39, 'ward'),
(1209, 'Chavakali', 39, 'ward'),
(1210, 'Shiru', 39, 'ward'),
(1211, 'Irigithathi', 39, 'ward'),
(1212, 'Luanda', 39, 'ward'),
(1213, 'Madzai', 39, 'ward'),
(1214, 'Ebukanga', 39, 'ward'),
(1215, 'Ebusakami', 39, 'ward'),
(1216, 'Mai Mahiu', 39, 'ward'),
(1217, 'Masinde/Mahuthu', 39, 'ward'),
(1218, 'Eshimuli', 39, 'ward'),
(1219, 'Eshimuli East', 39, 'ward'),
(1220, 'Eshimuli West', 39, 'ward'),
(1221, 'Matete', 39, 'ward'),
(1222, 'Lubiri', 39, 'ward'),
(1223, 'Sirisia', 39, 'ward'),
(1224, 'Nalikungu', 39, 'ward'),
(1225, 'Eshiandaha', 39, 'ward'),
(1226, 'Eshimuli North', 39, 'ward'),
(1227, 'Shiru East', 39, 'ward'),
(1228, 'Shiru West', 39, 'ward'),
(1229, 'Amagoro', 39, 'ward'),
(1230, 'Evurore', 39, 'ward'),
(1231, 'Masaba', 39, 'ward'),
(1232, 'Ebusiratsi', 39, 'ward'),
(1233, 'Emutsambili', 39, 'ward'),
(1234, 'Emutsambili East', 39, 'ward'),
(1235, 'Emutsambili West', 39, 'ward'),
(1236, 'Etago', 39, 'ward'),
(1237, 'Etago East', 39, 'ward'),
(1238, 'Etago West', 39, 'ward'),
(1239, 'Bungoma East', 40, 'ward'),
(1240, 'Bungoma West', 40, 'ward'),
(1241, 'Cheptais', 40, 'ward'),
(1242, 'Khalaba', 40, 'ward'),
(1243, 'Naitiri', 40, 'ward'),
(1244, 'Chwele', 40, 'ward'),
(1245, 'Kabula', 40, 'ward'),
(1246, 'Sirisia', 40, 'ward'),
(1247, 'Kanduyi', 40, 'ward'),
(1248, 'Bungoma North', 40, 'ward'),
(1249, 'Bungoma South', 40, 'ward'),
(1250, 'Bungoma Central', 40, 'ward'),
(1251, 'Makwaro', 40, 'ward'),
(1252, 'Mt. Elgon', 40, 'ward'),
(1253, 'Nzoia', 40, 'ward'),
(1254, 'Teng’omek', 40, 'ward'),
(1255, 'Sidindi', 40, 'ward'),
(1256, 'Chwele East', 40, 'ward'),
(1257, 'Kopsiro', 40, 'ward'),
(1258, 'Cheptatol', 40, 'ward'),
(1259, 'Buchinga', 40, 'ward'),
(1260, 'Malakisi', 40, 'ward'),
(1261, 'Bumula', 40, 'ward'),
(1262, 'Kabuchai', 40, 'ward'),
(1263, 'Khwisero', 40, 'ward'),
(1264, 'Shikulu', 40, 'ward'),
(1265, 'Shibuye', 40, 'ward'),
(1266, 'Mumias East', 40, 'ward'),
(1267, 'Mumias West', 40, 'ward'),
(1268, 'Shinyalu', 40, 'ward'),
(1269, 'Namanjalala', 40, 'ward'),
(1270, 'Makhuba', 40, 'ward'),
(1271, 'Mumias Central', 40, 'ward'),
(1272, 'Mumias North', 40, 'ward'),
(1273, 'Mumias South', 40, 'ward'),
(1274, 'Mumias East Central', 40, 'ward'),
(1275, 'Mumias East West', 40, 'ward'),
(1276, 'Mumias West Central', 40, 'ward'),
(1277, 'Mumias West East', 40, 'ward'),
(1278, 'St. Paul’s', 40, 'ward'),
(1279, 'Naitiri East', 40, 'ward'),
(1280, 'Naitiri West', 40, 'ward'),
(1281, 'Kabula North', 40, 'ward'),
(1282, 'Kabula South', 40, 'ward'),
(1283, 'Cheptais East', 40, 'ward'),
(1284, 'Cheptais West', 40, 'ward'),
(1285, 'Chwele North', 40, 'ward'),
(1286, 'Chwele South', 40, 'ward'),
(1287, 'Kanduyi East', 40, 'ward'),
(1288, 'Kanduyi West', 40, 'ward'),
(1289, 'Bungoma Central East', 40, 'ward'),
(1290, 'Bungoma Central West', 40, 'ward'),
(1291, 'Sidindi East', 40, 'ward'),
(1292, 'Sidindi West', 40, 'ward'),
(1293, 'Malakisi East', 40, 'ward'),
(1294, 'Malakisi West', 40, 'ward'),
(1295, 'Mumias South East', 40, 'ward'),
(1296, 'Mumias South West', 40, 'ward'),
(1297, 'Shikulu East', 40, 'ward'),
(1298, 'Shikulu West', 40, 'ward'),
(1299, 'Nambale', 41, 'ward'),
(1300, 'Butula', 41, 'ward'),
(1301, 'Matayos', 41, 'ward'),
(1302, 'Bunyala West', 41, 'ward'),
(1303, 'Bunyala East', 41, 'ward'),
(1304, 'Bunyala South', 41, 'ward'),
(1305, 'Bunyala North', 41, 'ward'),
(1306, 'Budalangi', 41, 'ward'),
(1307, 'Mayumba', 41, 'ward'),
(1308, 'Mayenje', 41, 'ward'),
(1309, 'Funyula', 41, 'ward'),
(1310, 'Ijara', 41, 'ward'),
(1311, 'Maugo', 41, 'ward'),
(1312, 'Koyonzo', 41, 'ward'),
(1313, 'Khayega', 41, 'ward'),
(1314, 'Murumba', 41, 'ward'),
(1315, 'Musia', 41, 'ward'),
(1316, 'Upper Busia West', 41, 'ward'),
(1317, 'Busia North', 41, 'ward'),
(1318, 'Busia South', 41, 'ward'),
(1319, 'Busia East', 41, 'ward'),
(1320, 'Busia Central', 41, 'ward'),
(1321, 'Busibwabo', 41, 'ward'),
(1322, 'Bulucheke', 41, 'ward'),
(1323, 'Butsotso East', 41, 'ward'),
(1324, 'Butsotso West', 41, 'ward'),
(1325, 'Izava', 41, 'ward'),
(1326, 'Mukhobola', 41, 'ward'),
(1327, 'Bungokho/Kabwibo', 41, 'ward'),
(1328, 'Nambale South', 41, 'ward'),
(1329, 'Nambale North', 41, 'ward'),
(1330, 'Butsotso Central', 41, 'ward'),
(1331, 'Ijegwa', 41, 'ward'),
(1332, 'Khayega East', 41, 'ward'),
(1333, 'Khayega West', 41, 'ward'),
(1334, 'Musia Central', 41, 'ward'),
(1335, 'Musia East', 41, 'ward'),
(1336, 'Kunyakini', 41, 'ward'),
(1337, 'Machili/Buket', 41, 'ward'),
(1338, 'Khayega South', 41, 'ward'),
(1339, 'Ijegwa East', 41, 'ward'),
(1340, 'Ijegwa West', 41, 'ward'),
(1341, 'Murumba East', 41, 'ward'),
(1342, 'Murumba West', 41, 'ward'),
(1343, 'Funyula East', 41, 'ward'),
(1344, 'Ugunja', 42, 'ward'),
(1345, 'Ugunja South', 42, 'ward'),
(1346, 'Ugunja Central', 42, 'ward'),
(1347, 'West Ukwala', 42, 'ward'),
(1348, 'East Sakwa', 42, 'ward'),
(1349, 'Sihayima', 42, 'ward'),
(1350, 'South Gem', 42, 'ward'),
(1351, 'Central Gem', 42, 'ward'),
(1352, 'North Gem', 42, 'ward'),
(1353, 'Boro', 42, 'ward'),
(1354, 'Boro East', 42, 'ward'),
(1355, 'Boro West', 42, 'ward'),
(1356, 'Kandiege Ward', 42, 'ward'),
(1357, 'Karemo', 42, 'ward'),
(1358, 'Kombewa', 42, 'ward'),
(1359, 'Chiga', 42, 'ward'),
(1360, 'Nyawita', 42, 'ward'),
(1361, 'South East Alego', 42, 'ward'),
(1362, 'North East Alego', 42, 'ward'),
(1363, 'Alego Bay', 42, 'ward'),
(1364, 'Central Alego', 42, 'ward'),
(1365, 'West Alego', 42, 'ward'),
(1366, 'East Alego', 42, 'ward'),
(1367, 'Wagai', 42, 'ward'),
(1368, 'Siaya Central', 42, 'ward'),
(1369, 'Siaya East', 42, 'ward'),
(1370, 'Siaya West', 42, 'ward'),
(1371, 'Sawagongo', 42, 'ward'),
(1372, 'North Sakwa', 42, 'ward'),
(1373, 'Sawagongo East', 42, 'ward'),
(1374, 'Sawagongo West', 42, 'ward'),
(1375, 'West Sakwa', 42, 'ward'),
(1376, 'Seme', 42, 'ward'),
(1377, 'Seme East', 42, 'ward'),
(1378, 'Seme West', 42, 'ward'),
(1379, 'Kondele', 43, 'ward'),
(1380, 'Shaurimoyo', 43, 'ward'),
(1381, 'Central Kisumu', 43, 'ward'),
(1382, 'Kakamega/Kiamori', 43, 'ward'),
(1383, 'Obunga', 43, 'ward'),
(1384, 'Manyatta A', 43, 'ward'),
(1385, 'Manyatta B', 43, 'ward'),
(1386, 'Manyatta C', 43, 'ward'),
(1387, 'West Oloshaa', 43, 'ward'),
(1388, 'North Nyakach', 43, 'ward'),
(1389, 'South Nyakach', 43, 'ward'),
(1390, 'Nang’oma Central', 43, 'ward'),
(1391, 'Nang’oma East', 43, 'ward'),
(1392, 'North Kabuoch', 43, 'ward'),
(1393, 'Kabuoch', 43, 'ward'),
(1394, 'Kajulu', 43, 'ward'),
(1395, 'North Kamagambo', 43, 'ward'),
(1396, 'South Kamagambo', 43, 'ward'),
(1397, 'East Kamagambo', 43, 'ward'),
(1398, 'South East Kamagambo', 43, 'ward'),
(1399, 'West Kamagambo', 43, 'ward'),
(1400, 'Central Nyakach', 43, 'ward'),
(1401, 'Kondele East', 43, 'ward'),
(1402, 'Nyalenda A', 43, 'ward'),
(1403, 'Nyalenda B', 43, 'ward'),
(1404, 'North Sakwa', 43, 'ward'),
(1405, 'West Sakwa', 43, 'ward'),
(1406, 'East Sakwa', 43, 'ward'),
(1407, 'Central Sakwa', 43, 'ward'),
(1408, 'South Sakwa', 43, 'ward'),
(1409, 'North Miwani', 43, 'ward'),
(1410, 'South Miwani', 43, 'ward'),
(1411, 'Miwani Central', 43, 'ward'),
(1412, 'Kisian', 43, 'ward'),
(1413, 'Kajulu West', 43, 'ward'),
(1414, 'Kanyadoto', 44, 'ward'),
(1415, 'Kochia', 44, 'ward'),
(1416, 'Kochia Central', 44, 'ward'),
(1417, 'Kochia East', 44, 'ward'),
(1418, 'Kendu Bay', 44, 'ward'),
(1419, 'North Kamagambo', 44, 'ward'),
(1420, 'Central Kamagambo', 44, 'ward'),
(1421, 'South Kamagambo', 44, 'ward'),
(1422, 'Rangwe East', 44, 'ward'),
(1423, 'Rangwe West', 44, 'ward'),
(1424, 'Ndhiwa East', 44, 'ward'),
(1425, 'Ndhiwa West', 44, 'ward'),
(1426, 'Rachuonyo North', 44, 'ward'),
(1427, 'Rachuonyo Central', 44, 'ward'),
(1428, 'Rachuonyo West', 44, 'ward'),
(1429, 'Karachuonyo', 44, 'ward'),
(1430, 'Oyugis East', 44, 'ward'),
(1431, 'Oyugis Central', 44, 'ward'),
(1432, 'Oyugis West', 44, 'ward'),
(1433, 'Ndhiwa Central', 44, 'ward'),
(1434, 'Ndhiwa South', 44, 'ward'),
(1435, 'Rangwe Central', 44, 'ward'),
(1436, 'Kaksingri West', 44, 'ward'),
(1437, 'Kaksingri East', 44, 'ward'),
(1438, 'Kapiyo', 44, 'ward'),
(1439, 'Kabunde', 44, 'ward'),
(1440, 'Kuruwitu', 44, 'ward'),
(1441, 'Katito', 44, 'ward'),
(1442, 'Kachieng’', 44, 'ward'),
(1443, 'Kochia South', 44, 'ward'),
(1444, 'Kosele', 44, 'ward'),
(1445, 'Kopanga', 44, 'ward'),
(1446, 'Odette', 44, 'ward'),
(1447, 'Kehancha North', 44, 'ward'),
(1448, 'Kehancha South', 44, 'ward'),
(1449, 'Karambi', 44, 'ward'),
(1450, 'Kalanya', 44, 'ward'),
(1451, 'Kalinga', 44, 'ward'),
(1452, 'Rangwe North', 44, 'ward'),
(1453, 'Got Ramogi', 44, 'ward'),
(1454, 'Nyatike', 45, 'ward'),
(1455, 'Macalder', 45, 'ward'),
(1456, 'Kanyabusi', 45, 'ward'),
(1457, 'Mabera', 45, 'ward'),
(1458, 'Awendo', 45, 'ward'),
(1459, 'Gosbi', 45, 'ward'),
(1460, 'Lugulu', 45, 'ward'),
(1461, 'Tebere', 45, 'ward'),
(1462, 'Sirare', 45, 'ward'),
(1463, 'Suna East', 45, 'ward'),
(1464, 'Suna West', 45, 'ward'),
(1465, 'Uriri', 45, 'ward'),
(1466, 'Oyani', 45, 'ward'),
(1467, 'Rongo Central', 45, 'ward'),
(1468, 'Ogilai', 45, 'ward'),
(1469, 'Kokuro', 45, 'ward'),
(1470, 'Nyatike South', 45, 'ward'),
(1471, 'Rapogi', 45, 'ward'),
(1472, 'Mabera West', 45, 'ward'),
(1473, 'Mabokoni', 45, 'ward'),
(1474, 'Mawego', 45, 'ward'),
(1475, 'Suna West South', 45, 'ward'),
(1476, 'Suna East North', 45, 'ward'),
(1477, 'Mabera East', 45, 'ward'),
(1478, 'Uriri West', 45, 'ward'),
(1479, 'Uriri East', 45, 'ward'),
(1480, 'Lwanda', 45, 'ward'),
(1481, 'Kochiel', 45, 'ward'),
(1482, 'Macalder East', 45, 'ward'),
(1483, 'Macalder West', 45, 'ward'),
(1484, 'Rapogi North', 45, 'ward'),
(1485, 'Rapogi West', 45, 'ward'),
(1486, 'Rapogi Central', 45, 'ward'),
(1487, 'Ogolai West', 45, 'ward'),
(1488, 'Ogolai East', 45, 'ward'),
(1489, 'Oyani West', 45, 'ward'),
(1490, 'Oyani East', 45, 'ward'),
(1491, 'Rongo North', 45, 'ward'),
(1492, 'Bobasi Central', 46, 'ward'),
(1493, 'Bobasi South', 46, 'ward'),
(1494, 'Kitutu Chache North', 46, 'ward'),
(1495, 'Kitutu Chache South', 46, 'ward'),
(1496, 'Nyaribari Chache', 46, 'ward'),
(1497, 'Nyaribari Masaba', 46, 'ward'),
(1498, 'Bomachoge Borabu', 46, 'ward'),
(1499, 'Bomachoge Chache', 46, 'ward'),
(1500, 'Bomachoge Central', 46, 'ward'),
(1501, 'Sameta', 46, 'ward'),
(1502, 'Gucha South', 46, 'ward'),
(1503, 'Gucha East', 46, 'ward'),
(1504, 'Gucha North', 46, 'ward'),
(1505, 'West Mugirango', 46, 'ward'),
(1506, 'North Mugirango', 46, 'ward'),
(1507, 'Etago', 46, 'ward'),
(1508, 'Mokwame Central', 46, 'ward'),
(1509, 'Mokwame East', 46, 'ward'),
(1510, 'Mokwame West', 46, 'ward'),
(1511, 'Kemera', 46, 'ward'),
(1512, 'Masige East', 46, 'ward'),
(1513, 'Masige West', 46, 'ward'),
(1514, 'Nyabite/Isesso', 46, 'ward'),
(1515, 'Nyachenge', 46, 'ward'),
(1516, 'Sigowet/Soin', 46, 'ward'),
(1517, 'Kiogoro', 46, 'ward'),
(1518, 'Itumbe', 46, 'ward'),
(1519, 'Majoge/Etago', 46, 'ward'),
(1520, 'Nyagari', 46, 'ward'),
(1521, 'Mekindani East', 46, 'ward'),
(1522, 'Mekindani West', 46, 'ward'),
(1523, 'Bosongo', 46, 'ward'),
(1524, 'Nyabite Central', 46, 'ward'),
(1525, 'Magombo', 46, 'ward'),
(1526, 'Nyacheki', 46, 'ward'),
(1527, 'Nyamira Town', 47, 'ward'),
(1528, 'Bogogu', 47, 'ward'),
(1529, 'Rigoma', 47, 'ward'),
(1530, 'Nyakoe', 47, 'ward'),
(1531, 'Nyabasi/Kitutu Chache North', 47, 'ward'),
(1532, 'Keumbu', 47, 'ward'),
(1533, 'Magombo', 47, 'ward'),
(1534, 'Kemera', 47, 'ward'),
(1535, 'Bosongo', 47, 'ward'),
(1536, 'Mogonga', 47, 'ward'),
(1537, 'Nyamarambe', 47, 'ward'),
(1538, 'Nyabiosi', 47, 'ward'),
(1539, 'Chitago', 47, 'ward'),
(1540, 'Magwagwa', 47, 'ward'),
(1541, 'Esise', 47, 'ward'),
(1542, 'Majoge/Etago West', 47, 'ward'),
(1543, 'Majoge/Etago East', 47, 'ward'),
(1544, 'Sameta', 47, 'ward'),
(1545, 'Nyabirongo', 47, 'ward'),
(1546, 'Gena', 47, 'ward'),
(1547, 'Masige Central', 47, 'ward'),
(1548, 'Masige East', 47, 'ward'),
(1549, 'Masige West', 47, 'ward'),
(1550, 'Songea', 47, 'ward'),
(1551, 'Mugango', 47, 'ward'),
(1552, 'Ogembo Central', 47, 'ward'),
(1553, 'Ogembo East', 47, 'ward'),
(1554, 'Ogembo West', 47, 'ward'),
(1555, 'Gokecha', 47, 'ward'),
(1556, 'Kabong’oto', 47, 'ward'),
(1557, 'Kitisuru', 48, 'ward'),
(1558, 'Parklands/Highridge', 48, 'ward'),
(1559, 'Karura', 48, 'ward'),
(1560, 'Kangemi', 48, 'ward'),
(1561, 'Mountain View', 48, 'ward'),
(1562, 'Kilimani', 48, 'ward'),
(1563, 'Kawangware', 48, 'ward'),
(1564, 'Gatina', 48, 'ward'),
(1565, 'Kileleshwa', 48, 'ward'),
(1566, 'Kabiro', 48, 'ward'),
(1567, 'Mutuini', 48, 'ward'),
(1568, 'Ngando', 48, 'ward'),
(1569, 'Riruta', 48, 'ward'),
(1570, 'Uthiru/Ruthimitu', 48, 'ward'),
(1571, 'Waithaka', 48, 'ward'),
(1572, 'Karen', 48, 'ward'),
(1573, 'Nairobi West', 48, 'ward'),
(1574, 'Mugumoini', 48, 'ward'),
(1575, 'South C', 48, 'ward'),
(1576, 'Nyayo Highrise', 48, 'ward'),
(1577, 'Laini Saba', 48, 'ward'),
(1578, 'Lindi', 48, 'ward'),
(1579, 'Makina', 48, 'ward'),
(1580, 'Woodley/Kenyatta Golf Course', 48, 'ward'),
(1581, 'Sarang’ombe', 48, 'ward'),
(1582, 'Githurai', 48, 'ward'),
(1583, 'Kahawa West', 48, 'ward'),
(1584, 'Zimmerman', 48, 'ward'),
(1585, 'Roysambu', 48, 'ward'),
(1586, 'Kahawa', 48, 'ward'),
(1587, 'Clay City', 48, 'ward'),
(1588, 'Mwiki', 48, 'ward'),
(1589, 'Kasarani', 48, 'ward'),
(1590, 'Njiru', 48, 'ward'),
(1591, 'Ruai', 48, 'ward'),
(1592, 'Baba Dogo', 48, 'ward'),
(1593, 'Utalii', 48, 'ward'),
(1594, 'Mathare North', 48, 'ward'),
(1595, 'Lucky Summer', 48, 'ward'),
(1596, 'Korogocho', 48, 'ward'),
(1597, 'Imara Daima', 48, 'ward'),
(1598, 'Kwa Njenga', 48, 'ward'),
(1599, 'Kwa Reuben', 48, 'ward'),
(1600, 'Pipeline', 48, 'ward'),
(1601, 'Kware', 48, 'ward'),
(1602, 'Kariobangi North', 48, 'ward'),
(1603, 'Dandora Area I', 48, 'ward'),
(1604, 'Dandora Area II', 48, 'ward'),
(1605, 'Dandora Area III', 48, 'ward'),
(1606, 'Dandora Area IV', 48, 'ward'),
(1607, 'Kayole North', 48, 'ward'),
(1608, 'Kayole Central', 48, 'ward'),
(1609, 'Kayole South', 48, 'ward'),
(1610, 'Komarock', 48, 'ward'),
(1611, 'Matopeni/Spring Valley', 48, 'ward'),
(1612, 'Upper Savannah', 48, 'ward'),
(1613, 'Lower Savannah', 48, 'ward'),
(1614, 'Embakasi', 48, 'ward'),
(1615, 'Utawala', 48, 'ward'),
(1616, 'Mihango', 48, 'ward'),
(1617, 'Umoja I', 48, 'ward'),
(1618, 'Umoja II', 48, 'ward'),
(1619, 'Mowlem', 48, 'ward'),
(1620, 'Kariobangi South', 48, 'ward'),
(1621, 'Maringo/Hamza', 48, 'ward'),
(1622, 'Viwandani', 48, 'ward');
INSERT INTO `locations` (`location_id`, `name`, `parent_id`, `type`) VALUES
(1623, 'Harambee', 48, 'ward'),
(1624, 'Makongeni', 48, 'ward'),
(1625, 'Pumwani', 48, 'ward'),
(1626, 'South B', 48, 'ward'),
(1627, 'Eastleigh North', 48, 'ward'),
(1628, 'Eastleigh South', 48, 'ward'),
(1629, 'Airbase', 48, 'ward'),
(1630, 'California', 48, 'ward'),
(1631, 'Nairobi South', 48, 'ward'),
(1632, 'Nairobi Central', 48, 'ward'),
(1633, 'Ngara', 48, 'ward'),
(1634, 'Pangani', 48, 'ward'),
(1635, 'Landimawe', 48, 'ward'),
(1636, 'Mabatini', 48, 'ward'),
(1637, 'Huruma', 48, 'ward'),
(1638, 'Ngei', 48, 'ward'),
(1639, 'Mlango Kubwa', 48, 'ward'),
(1640, 'Kiamaiko', 48, 'ward');

-- --------------------------------------------------------

--
-- Table structure for table `markethub_products`
--

CREATE TABLE `markethub_products` (
  `id` int(11) NOT NULL,
  `product_name` varchar(255) NOT NULL,
  `price` decimal(10,2) NOT NULL,
  `currency` varchar(10) DEFAULT 'KES',
  `description` text DEFAULT NULL,
  `category` varchar(100) DEFAULT NULL,
  `image` varchar(255) NOT NULL,
  `download_file` varchar(255) DEFAULT NULL,
  `is_active` tinyint(1) DEFAULT 1,
  `created_at` timestamp NULL DEFAULT current_timestamp(),
  `image_hash` varchar(255) DEFAULT NULL,
  `image_phash` text DEFAULT NULL,
  `image_size_kb` int(11) DEFAULT NULL,
  `last_activated_at` datetime DEFAULT NULL
) ENGINE=MyISAM DEFAULT CHARSET=latin1 COLLATE=latin1_swedish_ci;

--
-- Dumping data for table `markethub_products`
--

INSERT INTO `markethub_products` (`id`, `product_name`, `price`, `currency`, `description`, `category`, `image`, `download_file`, `is_active`, `created_at`, `image_hash`, `image_phash`, `image_size_kb`, `last_activated_at`) VALUES
(32, 'Jeep Executive Laptop BAG', 1300.00, 'KES', 'Ideal for work and business use. Lightweight and travel-friendly.', 'Fashions', 'uploads/company_products/prod_69ccf7a2e23ee6.77517088.webp', NULL, 0, '2026-04-01 10:46:59', '804627a9d7837cca20f6e3b92730dd15', '0101000011110000110111101110000011101000110011001100110010000100', 21, '2026-04-06 11:38:46'),
(34, 'Stanely MUG', 1300.00, 'KES', 'Ideal for travel and outdoor use and it\'s easy to clean.', 'Home Items', 'uploads/company_products/prod_69ccf8e16f04a2.67801133.webp', NULL, 0, '2026-04-01 10:52:17', '1da8ded9b14b02d393a6fca0c8a7c62a', '0101000011110000101010001010100010100000101011001100110010000100', 22, '2026-04-06 11:38:46'),
(30, '6 Litre Electric Pressure Cooker', 5200.00, 'KES', 'Energy efficient performance. Easy to clean design. Ideal for family meals', 'Home Items', 'uploads/company_products/prod_69c94ee0bbc083.85638684.webp', NULL, 1, '2026-03-29 16:10:09', '759957fb777f833d5a0b3f3f94370d38', '0101000011110000110010001100100011000000111001001100110010000100', 24, '2026-04-07 03:00:17');

-- --------------------------------------------------------

--
-- Table structure for table `mpesa_payments`
--

CREATE TABLE `mpesa_payments` (
  `payment_id` bigint(20) NOT NULL,
  `user_id` bigint(20) NOT NULL,
  `order_id` bigint(20) DEFAULT NULL,
  `amount` decimal(12,2) NOT NULL,
  `phone` varchar(20) NOT NULL,
  `mpesa_receipt` varchar(50) DEFAULT NULL,
  `checkout_request_id` varchar(100) DEFAULT NULL,
  `merchant_request_id` varchar(100) DEFAULT NULL,
  `status` enum('pending','completed','failed') DEFAULT 'pending',
  `created_at` timestamp NULL DEFAULT current_timestamp(),
  `confirmed_at` timestamp NULL DEFAULT NULL
) ENGINE=MyISAM DEFAULT CHARSET=latin1 COLLATE=latin1_swedish_ci;

-- --------------------------------------------------------

--
-- Table structure for table `orders`
--

CREATE TABLE `orders` (
  `order_id` int(11) NOT NULL,
  `order_code` varchar(50) DEFAULT NULL,
  `buyer_id` int(11) NOT NULL,
  `total_amount` decimal(10,2) NOT NULL,
  `created_at` timestamp NOT NULL DEFAULT current_timestamp()
) ENGINE=InnoDB DEFAULT CHARSET=utf8mb4 COLLATE=utf8mb4_general_ci;

--
-- Dumping data for table `orders`
--

INSERT INTO `orders` (`order_id`, `order_code`, `buyer_id`, `total_amount`, `created_at`) VALUES
(278, 'ORD-20260404-44609', 50, 250.00, '2026-04-04 12:08:35'),
(279, 'ORD-20260404-69554', 50, 240.00, '2026-04-04 12:13:19'),
(280, 'ORD-20260404-05131', 39, 600.00, '2026-04-04 13:20:43'),
(281, 'ORD-20260405-61746', 39, 600.00, '2026-04-04 23:04:08'),
(282, 'ORD-20260405-89057', 39, 200.00, '2026-04-05 00:12:30'),
(283, 'ORD-20260405-30824', 39, 60.00, '2026-04-05 03:32:29'),
(284, 'ORD-20260405-75096', 29, 60.00, '2026-04-05 19:13:51'),
(285, 'ORD-20260405-31297', 39, 50.00, '2026-04-05 20:07:10'),
(286, 'ORD-20260405-83648', 39, 4008.00, '2026-04-05 20:08:13'),
(287, 'ORD-20260405-00497', 39, 134504.00, '2026-04-05 20:08:36'),
(288, 'ORD-20260405-57903', 42, 100.00, '2026-04-05 20:40:55'),
(289, 'ORD-20260406-55634', 42, 250.00, '2026-04-06 08:45:55'),
(290, 'ORD-20260406-19198', 31, 64948.00, '2026-04-06 11:06:08');

-- --------------------------------------------------------

--
-- Table structure for table `order_items`
--

CREATE TABLE `order_items` (
  `item_id` int(11) NOT NULL,
  `order_id` int(11) NOT NULL,
  `product_id` int(11) NOT NULL,
  `seller_id` int(11) NOT NULL,
  `quantity` int(11) NOT NULL,
  `price` decimal(10,2) NOT NULL,
  `subtotal` decimal(10,2) NOT NULL,
  `order_status` enum('pending','processing','shipped','delivered','cancelled') DEFAULT 'pending',
  `shipped_at` datetime DEFAULT NULL,
  `delivered_at` datetime DEFAULT NULL,
  `payment_status` enum('pending','paid','failed') DEFAULT 'pending'
) ENGINE=InnoDB DEFAULT CHARSET=utf8mb4 COLLATE=utf8mb4_general_ci;

--
-- Dumping data for table `order_items`
--

INSERT INTO `order_items` (`item_id`, `order_id`, `product_id`, `seller_id`, `quantity`, `price`, `subtotal`, `order_status`, `shipped_at`, `delivered_at`, `payment_status`) VALUES
(319, 278, 1, 17, 1, 250.00, 250.00, 'shipped', '2026-04-05 23:52:21', NULL, 'paid'),
(320, 279, 10, 17, 2, 50.00, 100.00, 'shipped', '2026-04-06 00:36:04', NULL, 'paid'),
(321, 279, 2, 17, 1, 60.00, 60.00, 'shipped', '2026-04-06 00:36:04', NULL, 'paid'),
(322, 279, 4, 19, 2, 40.00, 80.00, 'shipped', '2026-04-06 00:36:04', NULL, 'paid'),
(323, 280, 9, 15, 1, 600.00, 600.00, 'shipped', '2026-04-05 23:00:16', NULL, 'paid'),
(324, 281, 9, 15, 1, 600.00, 600.00, 'shipped', '2026-04-05 22:43:11', NULL, 'paid'),
(325, 282, 3, 17, 2, 100.00, 200.00, 'shipped', '2026-04-06 00:58:54', NULL, 'paid'),
(326, 283, 2, 17, 1, 60.00, 60.00, 'shipped', '2026-04-05 23:51:26', NULL, 'paid'),
(327, 284, 2, 17, 1, 60.00, 60.00, 'shipped', '2026-04-05 23:51:22', NULL, 'paid'),
(328, 285, 10, 17, 1, 50.00, 50.00, 'shipped', '2026-04-05 23:47:25', NULL, 'paid'),
(329, 286, 6, 15, 1, 4008.00, 4008.00, 'shipped', '2026-04-05 23:11:17', NULL, 'paid'),
(330, 287, 9, 15, 1, 600.00, 600.00, 'shipped', '2026-04-05 23:11:34', NULL, 'paid'),
(331, 287, 8, 15, 2, 64948.00, 129896.00, 'shipped', '2026-04-05 23:11:34', NULL, 'paid'),
(332, 287, 6, 15, 1, 4008.00, 4008.00, 'shipped', '2026-04-05 23:11:34', NULL, 'paid'),
(333, 288, 3, 17, 1, 100.00, 100.00, 'delivered', '2026-04-05 23:42:33', '2026-04-05 23:43:08', 'paid'),
(334, 289, 1, 17, 1, 250.00, 250.00, 'shipped', '2026-04-06 11:58:09', NULL, 'paid'),
(335, 290, 8, 15, 1, 64948.00, 64948.00, 'shipped', '2026-04-06 14:09:25', NULL, 'paid');

-- --------------------------------------------------------

--
-- Table structure for table `payments`
--

CREATE TABLE `payments` (
  `payment_id` int(11) NOT NULL,
  `order_id` int(11) DEFAULT NULL,
  `transaction_id` varchar(150) DEFAULT NULL,
  `payment_method` varchar(50) DEFAULT NULL,
  `amount` decimal(10,2) DEFAULT NULL,
  `payment_status` varchar(50) DEFAULT NULL,
  `created_at` timestamp NULL DEFAULT current_timestamp()
) ENGINE=MyISAM DEFAULT CHARSET=latin1 COLLATE=latin1_swedish_ci;

-- --------------------------------------------------------

--
-- Table structure for table `productservicesrentals`
--

CREATE TABLE `productservicesrentals` (
  `product_id` int(11) NOT NULL,
  `user_id` int(11) NOT NULL,
  `product_name` varchar(255) NOT NULL,
  `category` varchar(100) NOT NULL,
  `price` decimal(10,2) NOT NULL,
  `stock_quantity` int(11) NOT NULL DEFAULT 0,
  `image_path` varchar(255) NOT NULL,
  `image_hash` varchar(32) DEFAULT NULL,
  `image_width` int(11) DEFAULT NULL,
  `image_height` int(11) DEFAULT NULL,
  `image_size_kb` int(11) DEFAULT NULL,
  `image_format` varchar(20) DEFAULT NULL,
  `status` enum('active','inactive') DEFAULT 'active',
  `created_at` timestamp NOT NULL DEFAULT current_timestamp(),
  `updated_at` timestamp NOT NULL DEFAULT current_timestamp() ON UPDATE current_timestamp(),
  `image_phash` varchar(32) DEFAULT NULL
) ENGINE=InnoDB DEFAULT CHARSET=utf8mb4 COLLATE=utf8mb4_general_ci;

--
-- Dumping data for table `productservicesrentals`
--

INSERT INTO `productservicesrentals` (`product_id`, `user_id`, `product_name`, `category`, `price`, `stock_quantity`, `image_path`, `image_hash`, `image_width`, `image_height`, `image_size_kb`, `image_format`, `status`, `created_at`, `updated_at`, `image_phash`) VALUES
(1, 17, 'Crocks', 'Fashions', 250.00, 31, 'uploads/products/product_69ce09790bc7f3.91898276.webp', '5aa4d20c6335cde41c6a2c9aea32b4ba', 700, 700, 57, 'webp', 'active', '2026-02-25 21:50:12', '2026-04-06 08:45:55', '00010011000000110111000011101000'),
(2, 17, 'Juice', 'Food & Snacks', 60.00, 34, 'uploads/products/product_69ce08113fe1d8.66003342.webp', '306c060f642f661d508f4f9f86d4d364', 700, 519, 55, 'webp', 'active', '2026-02-25 22:52:53', '2026-04-05 19:13:51', '00000010000011000001100001110110'),
(3, 17, 'Githeri', 'Food & Snacks', 100.00, 14, 'uploads/products/product_69ce0643920929.02512567.webp', '3cc341a7c025694fc566ac521537ca37', 700, 700, 40, 'webp', 'active', '2026-02-25 22:54:35', '2026-04-05 20:40:55', '00001111001000110110000101110001'),
(4, 19, 'Passion Juice', 'Food & Snacks', 40.00, 21, 'uploads/products/product_69a017086d9a78.65234946.webp', '57cce22a22b1386a867d231a364f5109', 700, 700, 33, 'webp', 'active', '2026-02-26 09:48:56', '2026-04-04 12:13:19', NULL),
(5, 20, 'Matress', 'Home Items', 4500.00, 3, 'uploads/products/product_69a08decb192e1.62675128.webp', 'e24629049379675f3a1b4309bb699f4a', 700, 527, 27, 'webp', 'active', '2026-02-26 18:16:12', '2026-03-06 19:00:34', NULL),
(6, 15, 'Bicycle', 'Home Items', 4008.00, 1, 'uploads/products/product_69cdf7aee10672.32901299.webp', 'd0f5ffc4f53661cebbe35d9bdf3e30e3', 700, 393, 10, 'webp', 'active', '2026-03-02 14:14:36', '2026-04-05 20:08:36', '11110000111110000110000001110001'),
(8, 15, 'HP Elite Book G', 'Home Items', 64948.00, 2, 'uploads/products/product_69cdf34d930028.52520233.webp', '060abafb42a131b41a83ba7c94d7d944', 700, 525, 6, 'webp', 'active', '2026-03-09 23:13:50', '2026-04-06 11:06:08', '01110001110100101111000001101110'),
(9, 15, 'Passion Juice3', 'Food & Snacks', 600.00, 44, 'uploads/products/product_69cd3cf11d9a38.85948077.webp', 'b308caf21abeb85d8acc179d77a28ad5', 700, 393, 40, 'webp', 'active', '2026-04-01 15:42:41', '2026-04-05 20:08:36', '11001101011010100110101101100110'),
(10, 17, 'Soda', 'Food & Snacks', 50.00, 67, 'uploads/products/product_69ce0fb19c76a6.38926367.webp', '7c393aaee8a7aec54e23876742907bc5', 700, 467, 29, 'webp', 'active', '2026-04-02 06:28:43', '2026-04-05 20:07:10', '01000001011011010110000101101000');

-- --------------------------------------------------------

--
-- Table structure for table `seller_ratings`
--

CREATE TABLE `seller_ratings` (
  `rating_id` int(11) NOT NULL,
  `seller_id` int(11) NOT NULL,
  `buyer_id` int(11) NOT NULL,
  `rating` tinyint(4) NOT NULL,
  `review` text DEFAULT NULL,
  `created_at` timestamp NOT NULL DEFAULT current_timestamp()
) ENGINE=InnoDB DEFAULT CHARSET=utf8mb4 COLLATE=utf8mb4_general_ci;

-- --------------------------------------------------------

--
-- Table structure for table `subscribers`
--

CREATE TABLE `subscribers` (
  `id` int(11) NOT NULL,
  `email` varchar(255) NOT NULL,
  `created_at` timestamp NULL DEFAULT current_timestamp()
) ENGINE=MyISAM DEFAULT CHARSET=latin1 COLLATE=latin1_swedish_ci;

-- --------------------------------------------------------

--
-- Table structure for table `users`
--

CREATE TABLE `users` (
  `user_id` int(11) NOT NULL,
  `full_name` varchar(100) DEFAULT NULL,
  `username` varchar(100) NOT NULL,
  `email` varchar(255) NOT NULL,
  `phone` varchar(50) NOT NULL,
  `profile_image` varchar(255) DEFAULT NULL,
  `bio` text DEFAULT NULL,
  `password` varchar(255) NOT NULL,
  `account_type` enum('buyer','seller','sales_agent','administrator','property_owner') NOT NULL,
  `is_verified` tinyint(1) DEFAULT 0,
  `status` enum('active','suspended') DEFAULT 'active',
  `location_id` int(11) DEFAULT NULL,
  `country` varchar(100) NOT NULL DEFAULT 'Kenya',
  `county` varchar(100) NOT NULL,
  `ward` varchar(100) NOT NULL,
  `address` varchar(150) DEFAULT NULL,
  `business_name` varchar(50) DEFAULT NULL,
  `business_model` varchar(50) DEFAULT NULL,
  `business_type` varchar(50) DEFAULT NULL,
  `market_scope` varchar(50) DEFAULT NULL,
  `created_at` timestamp NOT NULL DEFAULT current_timestamp(),
  `updated_at` timestamp NULL DEFAULT NULL,
  `agency_code` varchar(50) DEFAULT NULL,
  `referred_by` int(11) DEFAULT NULL,
  `agent_activated_at` datetime DEFAULT NULL,
  `subscription_expires_at` datetime DEFAULT NULL,
  `must_change_password` tinyint(1) DEFAULT 0,
  `economic_period_count` int(11) DEFAULT NULL,
  `is_system` tinyint(1) DEFAULT 0
) ENGINE=MyISAM DEFAULT CHARSET=latin1 COLLATE=latin1_swedish_ci;

--
-- Dumping data for table `users`
--

INSERT INTO `users` (`user_id`, `full_name`, `username`, `email`, `phone`, `profile_image`, `bio`, `password`, `account_type`, `is_verified`, `status`, `location_id`, `country`, `county`, `ward`, `address`, `business_name`, `business_model`, `business_type`, `market_scope`, `created_at`, `updated_at`, `agency_code`, `referred_by`, `agent_activated_at`, `subscription_expires_at`, `must_change_password`, `economic_period_count`, `is_system`) VALUES
(15, 'Pst Kip Frie', 'seller_001', 'c2VsbGVyXzAwMUBnbWFpbC5jb20=', 'KzI1NDc3MzAyOTQ0MA==', NULL, 'We deliver', '$2y$10$CqCArt9rG4O278HT4JRwz.OT8yNHssp6D9Wlvg50VHBBnVRrkGobi', 'seller', 0, 'active', NULL, 'Kenya', 'Kilifi', 'Sokoni', 'Misufii', 'Market Hub', 'products', 'shop', 'Local', '2026-02-25 14:18:40', '2026-03-24 21:31:06', NULL, NULL, NULL, NULL, 0, NULL, 0),
(38, 'STEPHEN OFTHEBIBLE', 'agent_011', 'YWdlbnRfMDExQGdtYWlsLmNvbQ==', 'KzI1NDc1OTU3ODAxMQ==', NULL, NULL, '$2y$10$Ll4PIS0M0545BnfIf81fce01fNzXQjYd9TlmJbjzUXWcPK8/JuIou', 'sales_agent', 1, 'active', NULL, 'Kenya', 'Kilifi', 'Sokoni Ward', 'Kilifi', '', '', '', '', '2026-03-24 08:09:58', '2026-03-24 08:09:58', 'EEC4D699', 33, NULL, '2026-04-23 11:28:39', 1, 1, 0),
(17, 'EMMANUEL WERANGAI', 'seller_002', 'c2VsbGVyXzAwMkBnbWFpbC5jb20=', 'KzI1NDc1OTU3ODYzMg==', NULL, 'Here', '$2y$10$VABFqJUUCuGnx3M5NN6sfuDJ640MPia5z5mofYZv0.niTtM8u6cva', 'seller', 0, 'active', NULL, 'Kenya', 'Kilifi', 'Sokoni', 'Kilifi', 'Main Canteen', 'products', 'canteen', 'Local', '2026-02-25 14:29:15', '2026-04-05 00:11:10', NULL, NULL, NULL, NULL, 0, NULL, 0),
(18, 'EMMANUEL WERANGAI', 'seller_003', 'c2VsbGVyXzAwM0BnbWFpbC5jb20=', 'KzI1NDc1OTU3ODYzMw==', NULL, NULL, '$2y$10$kdTNspptrvARewNR3/9PQ.0lx4fwWXrF33TPqC7.VRsa2dXMW1sfG', 'seller', 0, 'active', NULL, 'Kenya', 'Kilifi', 'Sokoni Ward', 'Kilifi', 'BETRADES MANAGEMENT', NULL, 'supermarket', 'Local', '2026-02-25 14:31:11', '2026-02-25 14:31:11', NULL, NULL, NULL, NULL, 0, NULL, 0),
(19, 'EMMANUEL WERANGAI', 'seller_004', 'c2VsbGVyXzAwNEBnbWFsaS5jb20=', 'KzI1NDc1OTU3ODYzNQ==', NULL, NULL, '$2y$10$OR16Ab7u7PiToTnqRTGzCeNrlBf4E4Cyr.eAyoGYnLmyN2foUtvK2', 'seller', 0, 'active', NULL, 'Kenya', 'Kilifi', 'Sokoni Ward', 'Gede', 'Fred Pharmacy', 'products', 'supermarket', 'local', '2026-02-26 09:26:57', '2026-02-26 09:26:57', NULL, NULL, NULL, NULL, 0, NULL, 0),
(46, 'Shabi ghar', 'agent_015', 'YWdlbnRfMDE1QGdtYWlsLmNvbQ==', 'KzI1NDc1OTU3ODAxNQ==', NULL, NULL, '$2y$10$W/.QI8FfMZPgBmfptdibe.VfxZASY3Qw61Q9XWhlLvicbyyqlB3/G', 'sales_agent', 1, 'active', NULL, 'Kenya', 'Kilifi', 'Sokoni Ward', 'Moiko', NULL, NULL, NULL, NULL, '2026-04-01 05:45:47', '2026-04-01 05:45:47', '5236F799', 42, NULL, '2026-05-06 11:54:23', 0, 1, 0),
(41, 'sHAMRADI IDHKNA', 'agent_013', 'YWdlbnRfMDEzQGdtYWlsLmNvbQ==', 'KzI1NDc1OTU3ODAxMw==', NULL, NULL, '$2y$10$kO6zA8LwzGVv/c/FZ83f4.CQiEMiClHHa7SNUhvcrKeTWREzXGwRe', 'sales_agent', 1, 'active', NULL, 'Kenya', 'Kilifi', 'Sokoni Ward', 'Sarang\' dk', NULL, NULL, NULL, NULL, '2026-03-25 22:33:02', '2026-03-25 22:33:02', 'A6DA3D49', 32, NULL, '2026-04-25 01:33:12', 0, 1, 0),
(21, 'Emmanuel Werangai', 'makethubadmin_254', 'ZW1tYW51ZWx0aW5kaTIzQGdtYWlsLmNvbQ==', 'KzI1NDc1OTU3ODYzNw==', NULL, 'System account for platform operations', '$2y$10$A0zeQcrmvrrk.uP8pSpwFeUfQJ3qFc9bVJentpZ4DEUwvVjb9QMZS', 'administrator', 1, 'active', NULL, 'Kenya', 'Kilifi', 'Sokoni Ward', 'Naivas', '', '', '', '', '2026-03-04 17:27:25', '2026-04-01 07:11:17', 'SYSTEM001', NULL, '2026-04-01 10:11:17', NULL, 0, 0, 1),
(29, 'EMMANUEL WERANGAI', 'njeri254', 'YWdlbnRfMDAxQGdtYWlsLmNvbQ==', 'KzI1NDc1OTU3ODAwMQ==', NULL, 'ygyug', '$2y$10$EH6ofE.Xf/06zE4QnmmWQOA5Wfl63t9TH0pj47Atn0CsZCwnZZLyW', 'sales_agent', 1, 'active', NULL, 'Kenya', 'Kilifi', 'Sokoni', 'Kilifi', '', '', '', '', '2026-03-24 01:36:01', '2026-04-05 19:08:08', 'FEC011A5', NULL, NULL, '2026-04-23 04:39:24', 0, 1, 0),
(23, 'EMMANUEL TINDI', 'property_owner_001', 'cHJvcGVydHlfb3duZXJfMDAxQGdtYWlsLmNvbQ==', 'KzI1NDc1OTU3ODY4OQ==', NULL, NULL, '$2y$10$ry31rKkNzYi9LIIpr8Ajp.7BkSj8BbovXXAbEO/iNxTff14fX/Ery', 'property_owner', 0, 'suspended', NULL, 'Kenya', 'Kilifi', 'Sokoni Ward', 'Naivas', '', '', '', '', '2026-03-04 17:41:30', '2026-03-21 22:09:22', NULL, NULL, NULL, NULL, 0, NULL, 0),
(30, 'sam hiddgd', 'agent_002', 'YWdlbnRfMDAyQGdtYWlsLmNvbQ==', 'KzI1NDc1OTU3ODAwMw==', NULL, NULL, '$2y$10$L8h6XLjPZAq/FI/y/nYTiuY6pr73V.PSrq6daqb00xAGs653HL3Ra', 'sales_agent', 1, 'active', NULL, 'Kenya', 'Kilifi', 'Sokoni Ward', 'Kilifi', NULL, NULL, NULL, NULL, '2026-03-24 01:42:06', '2026-03-24 01:42:06', '8EFB950D', 29, NULL, '2026-04-23 04:42:31', 0, 1, 0),
(31, 'Maket Hub', 'agent_003', 'YWdlbnRfMDAzQGdtYWlsLmNvbQ==', 'KzI1NDc1OTU3ODAwNA==', NULL, 'Hey, It\'s Agent_003', '$2y$10$h7KtsjFR/w3TwGFtWUAzCOuSqHszv9tUTxB6KY9op1T.tThxb6NSu', 'sales_agent', 1, 'active', NULL, 'Kenya', 'Kilifi', 'Sokoni', 'Moiko', NULL, NULL, NULL, NULL, '2026-03-24 01:59:12', '2026-04-06 10:27:21', '6D76B306', 29, NULL, '2026-04-23 05:18:10', 0, 1, 0),
(32, 'Sha iskkoe', 'agent_004', 'YWdlbnRfMDA0QGdtYWlsLmNvbQ==', 'KzI1NDc1OTU3ODAwNQ==', NULL, 'I am here', '$2y$10$KmxL5.BNgKJyGRkecHeQ1OaYAQ6p1S2xwLuKrArPBBeayiAqcQc9.', 'sales_agent', 1, 'active', NULL, 'Kenya', 'Kilifi', 'Sokoni', 'Kilifi', NULL, NULL, NULL, NULL, '2026-03-24 02:02:27', '2026-03-24 20:47:25', '14C1242F', 31, NULL, '2026-04-23 05:02:55', 0, 1, 0),
(33, 'vesa bledr', 'agent_006', 'YWdlbnRfMDA2QGdtYWlsLmNvbQ==', 'KzI1NDc1OTU3ODAwNg==', NULL, NULL, '$2y$10$cRX61aoXJZyhVhpHB0pvjOBbWbwPuY.J31T7amQ8LarazliknUlBK', 'sales_agent', 1, 'active', NULL, 'Kenya', 'Kilifi', 'Sokoni Ward', 'Kilifi', NULL, NULL, NULL, NULL, '2026-03-24 02:06:43', '2026-03-24 02:06:43', 'D52A7567', 32, NULL, '2026-04-23 05:19:32', 0, 1, 0),
(34, 'agent Bunda', 'agent_007', 'YWdlbnRfMDA3QGdtYWlsLmNvbQ==', 'KzI1NDc1OTU3ODAwNw==', NULL, NULL, '$2y$10$OdFGFa4PykQoC73syulnEuQdor.ddvnNC5ir0JShcmYCweiCQenC.', 'sales_agent', 1, 'active', NULL, 'Kenya', 'Kilifi', 'Sokoni Ward', 'kamois', NULL, NULL, NULL, NULL, '2026-03-24 02:11:06', '2026-03-24 02:11:06', '7F9D1742', 33, NULL, '2026-04-23 10:13:11', 0, 1, 0),
(35, 'sham hashi', 'agent_008', 'YWdlbnRfMDA4QGdtYWlsLmNvbQ==', 'KzI1NDc1OTU3ODAwOA==', NULL, NULL, '$2y$10$hIFRQCX1t3aHXqmF91BmPu5/697RL6h19L3vjvAuEV6lNYPoqQGuu', 'sales_agent', 1, 'active', NULL, 'Kenya', 'Kilifi', 'Sokoni Ward', 'Kilifi', '', '', '', '', '2026-03-24 02:16:39', '2026-03-24 02:16:39', '6676A6FC', 29, NULL, '2026-04-23 05:17:48', 1, 1, 0),
(39, 'Shanig ahsila', 'Buyer_001', 'YnV5ZXJfMDAxQGdtYWlsLmNvbQ==', 'KzI1NDc1OTU3MTAwMQ==', NULL, 'Coming soon...', '$2y$10$VHIyn6QSW8k0hZTovIn7.esSC/FM6/rGrjPnqokftNCx0W1tqPI0a', 'buyer', 0, 'active', NULL, 'Kenya', 'Kilifi', 'Sokoni', 'Kilifi', NULL, NULL, NULL, NULL, '2026-03-24 20:50:39', '2026-03-25 06:14:53', NULL, NULL, NULL, NULL, 0, NULL, 0),
(42, 'Gaaffr mdsa', 'agent_014', 'YWdlbnRfMDE0QGdtYWlsLmNvbQ==', 'KzI1NDc1OTU3ODAxNA==', NULL, 'Come', '$2y$10$IU2DqtE0RaLWsy5OU9uUk./Lm0lKU/0sZGEtLVsIIhCo6Wj36E3y2', 'sales_agent', 1, 'active', NULL, 'Kenya', 'Kilifi', 'Sokoni', 'Kilifi', NULL, NULL, NULL, NULL, '2026-03-25 23:40:45', '2026-04-05 20:36:50', 'F015A0BB', 31, NULL, '2026-04-25 02:41:13', 0, 1, 0),
(48, 'Bisih Jhka', 'agent_017', 'YWdlbnRfMDE3QGdtYWlsLmNvbQ==', 'KzI1NDc1OTU3ODAxNw==', NULL, NULL, '$2y$10$h/VGvMmkRpMtW099kCldIeS/gWryL4ol.vtouQOd.33V/xBt6B02u', 'sales_agent', 1, 'active', NULL, 'Kenya', 'Kilifi', 'Sokoni Ward', 'Tewani', NULL, NULL, NULL, NULL, '2026-04-01 06:28:12', '2026-04-01 06:28:12', '30BC5ABE', 47, NULL, '2026-05-05 07:13:52', 0, 1, 0),
(47, 'Fahsd dhkhda', 'agent_016', 'YWdlbnRfMDE2QGdtYWlsLmNvbQ==', 'KzI1NDc1OTU3ODAxNg==', NULL, NULL, '$2y$10$1TH2S2meb2fRGLGt3xNfL.AMi6yNDrChhRPju/4BdrIFN8xzPGBiG', 'sales_agent', 1, 'active', NULL, 'Kenya', 'Kilifi', 'Sokoni Ward', 'Kilifi', '', '', '', '', '2026-04-01 05:46:43', '2026-04-01 05:46:43', '707C70DA', 29, NULL, '2026-05-01 08:55:02', 1, 1, 0),
(49, 'Khaid Sgalah', 'seller_010', 'c2VsbGVyXzAxMEBnbWFpbC5jb20=', 'KzI1NDc1OTU3ODAxMA==', NULL, NULL, '$2y$10$4P/ReMcEqfIwboQoTKaiLOKiPQFQhhpNRdE5InsRow3ZRFOywFpVe', 'seller', 0, 'active', NULL, 'Kenya', 'Kilifi', 'Sokoni Ward', 'Cherowamaye', 'Kishor Shop', 'products', 'shop', 'Local', '2026-04-04 05:55:01', '2026-04-04 05:55:01', NULL, NULL, NULL, NULL, 0, NULL, 0),
(50, 'EMMANUEL TINDI', 'buyer_002', 'YnV5ZXJfMDAyQGdtYWlsLmNvbQ==', 'KzI1NDc1OTU3ODAxMg==', NULL, NULL, '$2y$10$2WpUst.v10IkucmlWZ881uVy7Egcq0RZNzBGF6GcXRY6Rt4X3G6zW', 'buyer', 0, 'active', NULL, 'Kenya', 'Kilifi', 'Sokoni Ward', 'Shanzu', NULL, NULL, NULL, NULL, '2026-04-04 05:59:36', '2026-04-04 05:59:36', NULL, NULL, NULL, NULL, 0, NULL, 0),
(51, 'EMMANUEL WERANGAI', 'agent_020', 'YWdlbnRfMDIwQGdtYWlsLmNvbQ==', 'KzI1NDc1OTU3ODYzMA==', NULL, NULL, '$2y$10$GKbYcnRiG1qk44g39ixzZe0tXjxkawxE3l05/aPxgQJ5i3wHzFVfG', 'sales_agent', 1, 'active', NULL, 'Kenya', 'Kilifi', 'Sokoni Ward', 'Kilifi', NULL, NULL, NULL, NULL, '2026-04-05 05:08:07', '2026-04-05 05:08:07', 'E8E4F745', 42, NULL, '2026-05-05 08:08:43', 0, 1, 0),
(52, 'agent Bunda', 'agent_021', 'YWdlbnRfMDIxQGdtYWlsLmNvbQ==', 'KzI1NDc1OTU3ODAyMQ==', NULL, NULL, '$2y$10$2R5.Qinln2nad0kWbfo1suPzDCkQQ3lpS0nQDXmAYesSrIZl7TowG', 'sales_agent', 1, 'active', NULL, 'Kenya', 'Kilifi', 'Sokoni Ward', 'Kilifi', NULL, NULL, NULL, NULL, '2026-04-05 05:12:15', '2026-04-05 05:12:15', 'AF2FD5DF', 51, NULL, '2026-05-05 08:12:40', 0, 1, 0),
(53, 'Blessed Emmanuel', 'agent_022', 'YWdlbnRfMDIyQGdtYWlsLmNvbQ==', 'KzI1NDc1OTU3ODAyMg==', NULL, NULL, '$2y$10$K6z/adPGJyfW0yozDLSJy.DRyp3bzHVWoLvoi8KSLFSuCtisxvl/6', 'sales_agent', 1, 'active', NULL, 'Kenya', 'Kilifi', 'Sokoni Ward', 'Kilifi', NULL, NULL, NULL, NULL, '2026-04-05 05:15:52', '2026-04-05 05:15:52', '0FE5BEB4', 51, NULL, '2026-05-05 08:17:12', 0, 1, 0),
(54, 'EMMANUEL WERANGAI', 'agent_023', 'YWdlbnRfMDIzQGdtYWlsLmNvbQ==', 'KzI1NDc1OTU3ODAyMw==', NULL, NULL, '$2y$10$BA6mwT5Im2PK.xX.CJR66O7boUndoFqBiFzJYohTbU0xs60JiPCYq', 'sales_agent', 1, 'active', NULL, 'Kenya', 'Kilifi', 'Sokoni Ward', 'Kilifi', NULL, NULL, NULL, NULL, '2026-04-05 05:18:51', '2026-04-05 05:18:51', '2177B20B', 53, NULL, '2026-05-05 08:21:46', 0, 1, 0),
(55, 'Blessed Emmanuel', 'seller_022', 'c2VsbGVyXzAyMkBnbWFpbC5jb20=', 'KzI1NDc1OTU3ODAyNQ==', NULL, NULL, '$2y$10$QDvhwqUX00zJkIE/kjFI6ehRhrSGP/q2EExTOSYTLG271V0MUFv.a', 'seller', 0, 'active', NULL, 'Kenya', 'Kilifi', 'Sokoni', 'Kilifi', 'Maket Hub', 'products', 'supermarket', 'National', '2026-04-05 19:24:19', '2026-04-05 19:24:19', NULL, NULL, NULL, NULL, 0, NULL, 0),
(56, 'vuny ziono', 'agent_018', 'YWdlbnRfMDE4QGdtYWlsLmNvbQ==', 'KzI1NDc1OTU3ODAxOA==', NULL, NULL, '$2y$10$s/7GltTf02rJA.U8rObR6OuDDRtg7gf8Dc.mu4F2M0deKf3kGGKZi', 'sales_agent', 1, 'active', NULL, 'Kenya', 'Kilifi', 'Sokoni Ward', 'Kilifi', NULL, NULL, NULL, NULL, '2026-04-06 08:27:56', '2026-04-06 08:27:56', '1B4E3C4F', 42, NULL, '2026-05-06 11:39:07', 0, 1, 0),
(57, 'johnny bin', 'agent_019', 'YWdlbnRfMDE5QGdtYWlsLmNvbQ==', 'KzI1NDc1OTU3ODAxOQ==', NULL, NULL, '$2y$10$gyyeIa02ThXg25ZXyWTpGel4YVj.9pxYxYhGiEaOE16ZAWYiSBfKu', 'sales_agent', 1, 'active', NULL, 'Kenya', 'Kilifi', 'Sokoni Ward', 'Kilifi', NULL, NULL, NULL, NULL, '2026-04-06 12:10:17', '2026-04-06 12:10:17', '91B9BD62', 31, NULL, '2026-05-06 15:20:40', 0, 1, 0),
(58, 'EMMANUEL WERANGAI', 'agent_028', 'YWdlbnRfMDI4QGdtYWlsLmNvbQ==', 'KzI1NDc1OTU3ODAyOA==', NULL, NULL, '$2y$10$Y39NTgDyk9f7labcoj2YzeQQhmbTY2oLOi4KkWlyfJ8jqD1ThYxc2', 'sales_agent', 1, 'active', NULL, 'Kenya', 'Kilifi', 'Sokoni Ward', 'Kilifi', NULL, NULL, NULL, NULL, '2026-04-06 23:37:17', '2026-04-06 23:37:17', 'F54F38B9', NULL, NULL, '2026-05-07 02:37:55', 0, 1, 0),
(59, 'EMMANUEL WERANGAI', 'agent_029', 'YWdlbnRfMDlAZ21haWwuY29t', 'KzI1NDc1OTU3ODAyOQ==', NULL, NULL, '$2y$10$WUMsDWWokbFL7g9oREdANOu6DlvKbbZnbJq7i9/kNuSKU/oHsYGui', 'sales_agent', 1, 'active', NULL, 'Kenya', 'Kilifi', 'Sokoni Ward', 'Kilifi', NULL, NULL, NULL, NULL, '2026-04-06 23:44:41', '2026-04-06 23:44:41', 'EC7ED2E8', NULL, NULL, '2026-05-07 02:45:51', 0, 1, 0),
(60, 'EMMANUEL WERANGAI', 'agent_030', 'YWdlbnRfMDMwQGdtYWlsLmNvbQ==', 'KzI1NDc1OTU3ODAzMA==', NULL, NULL, '$2y$10$OBNHG6aYm/7mZvKzy2W0.uypNfNYLKE3DsQeyOdCJbHx6Olk4Oxl2', 'sales_agent', 1, 'active', NULL, 'Kenya', 'Kilifi', 'Sokoni Ward', 'Kilifi', NULL, NULL, NULL, NULL, '2026-04-06 23:51:19', '2026-04-06 23:51:19', '5046ACE6', NULL, NULL, '2026-05-07 02:51:32', 0, 1, 0),
(61, 'EMMANUEL WERANGAI', 'agent_031', 'YWdlbnRfMDMxQGdtYWlsLmNvbQ==', 'KzI1NDc1OTU3ODAzMQ==', NULL, NULL, '$2y$10$LLmoB0pPaKLU5ejioPt9RuD6tAKNoDZt/fMQc8viYw4HyejwFaeeK', 'sales_agent', 0, 'active', NULL, 'Kenya', 'Kilifi', 'Sokoni Ward', 'bosorio', NULL, NULL, NULL, NULL, '2026-04-07 00:35:07', '2026-04-07 00:35:07', '3A5C28A3', NULL, NULL, NULL, 0, 0, 0),
(62, 'EMMANUEL WERANGAI', 'agent_032', 'YWdlbnRfMDMyQGdtYWlsLmNvbQ==', 'KzI1NDc1OTU3ODAzMg==', NULL, NULL, '$2y$10$miBXA6.arge9bqsLaQaesedGE0ux.q70dIUQXZjTN9g9cxTUwr0ue', 'sales_agent', 1, 'active', NULL, 'Kenya', 'Kilifi', 'Sokoni Ward', 'komet', NULL, NULL, NULL, NULL, '2026-04-07 00:42:51', '2026-04-07 00:42:51', '2FFB09F7', NULL, NULL, '2026-05-07 03:43:30', 0, 1, 0),
(63, 'EMMANUEL WERANGAI', 'agent_033', 'YWdlbnRfMDMzQGdtYWlsLmNvbQ==', 'KzI1NDc1OTU3ODAzMw==', NULL, NULL, '$2y$10$J1PSvpmmrE/yUrZ/tylkFubc7csuqwntxOAlvnFjYnbNj1FsQ3Lbm', 'sales_agent', 0, 'active', NULL, 'Kenya', 'Kilifi', 'Sokoni Ward', 'komet', NULL, NULL, NULL, NULL, '2026-04-07 01:00:07', '2026-04-07 01:00:07', '26A55D8B', NULL, NULL, NULL, 0, 0, 0),
(64, 'EMMANUEL WERANGAI', 'agent_034', 'YWdlbnRfMDM0QGdtYWlsLmNvbQ==', 'KzI1NDc1OTU3ODAzNA==', NULL, NULL, '$2y$10$m06LNVP35kM/SksjwKpzV.D/1siMEejWaaX6YTcsggQbO0sf1EMH.', 'sales_agent', 0, 'active', NULL, 'Kenya', 'Kilifi', 'Sokoni Ward', 'komet', NULL, NULL, NULL, NULL, '2026-04-07 01:04:49', '2026-04-07 01:04:49', 'B8244415', NULL, NULL, NULL, 0, 0, 0),
(65, 'EMMANUEL WERANGAI', 'agent_035', 'YWdlbnRfMDM1QGdtYWlsLmNvbQ==', 'KzI1NDc1OTU3ODAzNQ==', NULL, NULL, '$2y$10$rrqnZ2UK7JFdGUNv9yXVGeyXvU0Ke3wcxQvUABE.V8AB6CWCUrp/K', 'sales_agent', 1, 'active', NULL, 'Kenya', 'Kilifi', 'Sokoni Ward', 'gusiiy', NULL, NULL, NULL, NULL, '2026-04-07 01:06:37', '2026-04-07 01:06:37', 'C3811B4D', 29, NULL, '2026-05-07 04:15:21', 0, 1, 0);

-- --------------------------------------------------------

--
-- Table structure for table `users_backup`
--

CREATE TABLE `users_backup` (
  `user_id` int(11) NOT NULL DEFAULT 0,
  `full_name` varchar(100) CHARACTER SET latin1 COLLATE latin1_swedish_ci DEFAULT NULL,
  `username` varchar(100) CHARACTER SET latin1 COLLATE latin1_swedish_ci NOT NULL,
  `email` varchar(255) CHARACTER SET latin1 COLLATE latin1_swedish_ci NOT NULL,
  `phone` varchar(50) CHARACTER SET latin1 COLLATE latin1_swedish_ci NOT NULL,
  `profile_image` varchar(255) CHARACTER SET latin1 COLLATE latin1_swedish_ci DEFAULT NULL,
  `bio` text CHARACTER SET latin1 COLLATE latin1_swedish_ci DEFAULT NULL,
  `password` varchar(255) CHARACTER SET latin1 COLLATE latin1_swedish_ci NOT NULL,
  `account_type` enum('buyer','seller','sales_agent','administrator','property_owner') CHARACTER SET latin1 COLLATE latin1_swedish_ci NOT NULL,
  `is_verified` tinyint(1) DEFAULT 0,
  `status` enum('active','suspended') CHARACTER SET latin1 COLLATE latin1_swedish_ci DEFAULT 'active',
  `location_id` int(11) DEFAULT NULL,
  `country` varchar(100) CHARACTER SET latin1 COLLATE latin1_swedish_ci NOT NULL DEFAULT 'Kenya',
  `county` varchar(100) CHARACTER SET latin1 COLLATE latin1_swedish_ci NOT NULL,
  `ward` varchar(100) CHARACTER SET latin1 COLLATE latin1_swedish_ci NOT NULL,
  `address` varchar(150) CHARACTER SET latin1 COLLATE latin1_swedish_ci DEFAULT NULL,
  `business_name` varchar(50) CHARACTER SET latin1 COLLATE latin1_swedish_ci DEFAULT NULL,
  `business_model` varchar(50) CHARACTER SET latin1 COLLATE latin1_swedish_ci DEFAULT NULL,
  `business_type` varchar(50) CHARACTER SET latin1 COLLATE latin1_swedish_ci DEFAULT NULL,
  `market_scope` varchar(50) CHARACTER SET latin1 COLLATE latin1_swedish_ci DEFAULT NULL,
  `created_at` timestamp NOT NULL DEFAULT current_timestamp(),
  `updated_at` timestamp NULL DEFAULT NULL,
  `agency_code` varchar(50) CHARACTER SET latin1 COLLATE latin1_swedish_ci DEFAULT NULL,
  `referred_by` int(11) DEFAULT NULL,
  `agent_activated_at` datetime DEFAULT NULL,
  `subscription_expires_at` datetime DEFAULT NULL,
  `must_change_password` tinyint(1) DEFAULT 0,
  `economic_period_count` int(11) DEFAULT NULL,
  `is_system` tinyint(1) DEFAULT 0
) ENGINE=InnoDB DEFAULT CHARSET=utf8mb4 COLLATE=utf8mb4_general_ci;

--
-- Dumping data for table `users_backup`
--

INSERT INTO `users_backup` (`user_id`, `full_name`, `username`, `email`, `phone`, `profile_image`, `bio`, `password`, `account_type`, `is_verified`, `status`, `location_id`, `country`, `county`, `ward`, `address`, `business_name`, `business_model`, `business_type`, `market_scope`, `created_at`, `updated_at`, `agency_code`, `referred_by`, `agent_activated_at`, `subscription_expires_at`, `must_change_password`, `economic_period_count`, `is_system`) VALUES
(15, 'Pst Kip Frie', 'seller_001', 'c2VsbGVyXzAwMUBnbWFpbC5jb20=', 'KzI1NDc3MzAyOTQ0MA==', NULL, 'We deliver', '$2y$10$CqCArt9rG4O278HT4JRwz.OT8yNHssp6D9Wlvg50VHBBnVRrkGobi', 'seller', 0, 'active', NULL, 'Kenya', 'Kilifi', 'Sokoni', 'Misufii', 'Market Hub', 'products', 'shop', 'Local', '2026-02-25 14:18:40', '2026-03-24 21:31:06', NULL, NULL, NULL, NULL, 0, NULL, 0),
(38, 'STEPHEN OFTHEBIBLE', 'agent_011', 'YWdlbnRfMDExQGdtYWlsLmNvbQ==', 'KzI1NDc1OTU3ODAxMQ==', NULL, NULL, '$2y$10$Ll4PIS0M0545BnfIf81fce01fNzXQjYd9TlmJbjzUXWcPK8/JuIou', 'sales_agent', 1, 'active', NULL, 'Kenya', 'Kilifi', 'Sokoni Ward', 'Kilifi', '', '', '', '', '2026-03-24 08:09:58', '2026-03-24 08:09:58', 'EEC4D699', 33, NULL, '2026-04-23 11:28:39', 1, 1, 0),
(17, 'EMMANUEL WERANGAI', 'seller_002', 'c2VsbGVyXzAwMkBnbWFpbC5jb20=', 'KzI1NDc1OTU3ODYzMg==', NULL, 'Here', '$2y$10$VABFqJUUCuGnx3M5NN6sfuDJ640MPia5z5mofYZv0.niTtM8u6cva', 'seller', 0, 'active', NULL, 'Kenya', 'Kilifi', 'Sokoni', 'Kilifi', 'Main Canteen', 'products', 'canteen', 'Local', '2026-02-25 14:29:15', '2026-04-05 00:11:10', NULL, NULL, NULL, NULL, 0, NULL, 0),
(18, 'EMMANUEL WERANGAI', 'seller_003', 'c2VsbGVyXzAwM0BnbWFpbC5jb20=', 'KzI1NDc1OTU3ODYzMw==', NULL, NULL, '$2y$10$kdTNspptrvARewNR3/9PQ.0lx4fwWXrF33TPqC7.VRsa2dXMW1sfG', 'seller', 0, 'active', NULL, 'Kenya', 'Kilifi', 'Sokoni Ward', 'Kilifi', 'BETRADES MANAGEMENT', NULL, 'supermarket', 'Local', '2026-02-25 14:31:11', '2026-02-25 14:31:11', NULL, NULL, NULL, NULL, 0, NULL, 0),
(19, 'EMMANUEL WERANGAI', 'seller_004', 'c2VsbGVyXzAwNEBnbWFsaS5jb20=', 'KzI1NDc1OTU3ODYzNQ==', NULL, NULL, '$2y$10$OR16Ab7u7PiToTnqRTGzCeNrlBf4E4Cyr.eAyoGYnLmyN2foUtvK2', 'seller', 0, 'active', NULL, 'Kenya', 'Kilifi', 'Sokoni Ward', 'Gede', 'Fred Pharmacy', 'products', 'supermarket', 'local', '2026-02-26 09:26:57', '2026-02-26 09:26:57', NULL, NULL, NULL, NULL, 0, NULL, 0),
(46, 'Shabi ghar', 'agent_015', 'YWdlbnRfMDE1QGdtYWlsLmNvbQ==', 'KzI1NDc1OTU3ODAxNQ==', NULL, NULL, '$2y$10$W/.QI8FfMZPgBmfptdibe.VfxZASY3Qw61Q9XWhlLvicbyyqlB3/G', 'sales_agent', 1, 'active', NULL, 'Kenya', 'Kilifi', 'Sokoni Ward', 'Moiko', NULL, NULL, NULL, NULL, '2026-04-01 05:45:47', '2026-04-01 05:45:47', '5236F799', 42, NULL, '2026-05-06 11:54:23', 0, 1, 0),
(41, 'sHAMRADI IDHKNA', 'agent_013', 'YWdlbnRfMDEzQGdtYWlsLmNvbQ==', 'KzI1NDc1OTU3ODAxMw==', NULL, NULL, '$2y$10$kO6zA8LwzGVv/c/FZ83f4.CQiEMiClHHa7SNUhvcrKeTWREzXGwRe', 'sales_agent', 1, 'active', NULL, 'Kenya', 'Kilifi', 'Sokoni Ward', 'Sarang\' dk', NULL, NULL, NULL, NULL, '2026-03-25 22:33:02', '2026-03-25 22:33:02', 'A6DA3D49', 32, NULL, '2026-04-25 01:33:12', 0, 1, 0),
(21, 'Emmanuel Werangai', 'makethubadmin_254', 'ZW1tYW51ZWx0aW5kaTIzQGdtYWlsLmNvbQ==', 'KzI1NDc1OTU3ODYzNw==', NULL, 'System account for platform operations', '$2y$10$A0zeQcrmvrrk.uP8pSpwFeUfQJ3qFc9bVJentpZ4DEUwvVjb9QMZS', 'administrator', 1, 'active', NULL, 'Kenya', 'Kilifi', 'Sokoni Ward', 'Naivas', '', '', '', '', '2026-03-04 17:27:25', '2026-04-01 07:11:17', 'SYSTEM001', NULL, '2026-04-01 10:11:17', NULL, 0, 0, 1),
(29, 'EMMANUEL WERANGAI', 'njeri254', 'YWdlbnRfMDAxQGdtYWlsLmNvbQ==', 'KzI1NDc1OTU3ODAwMQ==', NULL, 'ygyug', '$2y$10$EH6ofE.Xf/06zE4QnmmWQOA5Wfl63t9TH0pj47Atn0CsZCwnZZLyW', 'sales_agent', 1, 'active', NULL, 'Kenya', 'Kilifi', 'Sokoni', 'Kilifi', '', '', '', '', '2026-03-24 01:36:01', '2026-04-05 19:08:08', 'FEC011A5', NULL, NULL, '2026-04-23 04:39:24', 0, 1, 0),
(23, 'EMMANUEL TINDI', 'property_owner_001', 'cHJvcGVydHlfb3duZXJfMDAxQGdtYWlsLmNvbQ==', 'KzI1NDc1OTU3ODY4OQ==', NULL, NULL, '$2y$10$ry31rKkNzYi9LIIpr8Ajp.7BkSj8BbovXXAbEO/iNxTff14fX/Ery', 'property_owner', 0, 'suspended', NULL, 'Kenya', 'Kilifi', 'Sokoni Ward', 'Naivas', '', '', '', '', '2026-03-04 17:41:30', '2026-03-21 22:09:22', NULL, NULL, NULL, NULL, 0, NULL, 0),
(30, 'sam hiddgd', 'agent_002', 'YWdlbnRfMDAyQGdtYWlsLmNvbQ==', 'KzI1NDc1OTU3ODAwMw==', NULL, NULL, '$2y$10$L8h6XLjPZAq/FI/y/nYTiuY6pr73V.PSrq6daqb00xAGs653HL3Ra', 'sales_agent', 1, 'active', NULL, 'Kenya', 'Kilifi', 'Sokoni Ward', 'Kilifi', NULL, NULL, NULL, NULL, '2026-03-24 01:42:06', '2026-03-24 01:42:06', '8EFB950D', 29, NULL, '2026-04-23 04:42:31', 0, 1, 0),
(31, 'Maket Hub', 'agent_003', 'YWdlbnRfMDAzQGdtYWlsLmNvbQ==', 'KzI1NDc1OTU3ODAwNA==', NULL, 'Hey, It\'s Agent_003', '$2y$10$h7KtsjFR/w3TwGFtWUAzCOuSqHszv9tUTxB6KY9op1T.tThxb6NSu', 'sales_agent', 1, 'active', NULL, 'Kenya', 'Kilifi', 'Sokoni', 'Moiko', NULL, NULL, NULL, NULL, '2026-03-24 01:59:12', '2026-04-06 10:27:21', '6D76B306', 29, NULL, '2026-04-23 05:18:10', 0, 1, 0),
(32, 'Sha iskkoe', 'agent_004', 'YWdlbnRfMDA0QGdtYWlsLmNvbQ==', 'KzI1NDc1OTU3ODAwNQ==', NULL, 'I am here', '$2y$10$KmxL5.BNgKJyGRkecHeQ1OaYAQ6p1S2xwLuKrArPBBeayiAqcQc9.', 'sales_agent', 1, 'active', NULL, 'Kenya', 'Kilifi', 'Sokoni', 'Kilifi', NULL, NULL, NULL, NULL, '2026-03-24 02:02:27', '2026-03-24 20:47:25', '14C1242F', 31, NULL, '2026-04-23 05:02:55', 0, 1, 0),
(33, 'vesa bledr', 'agent_006', 'YWdlbnRfMDA2QGdtYWlsLmNvbQ==', 'KzI1NDc1OTU3ODAwNg==', NULL, NULL, '$2y$10$cRX61aoXJZyhVhpHB0pvjOBbWbwPuY.J31T7amQ8LarazliknUlBK', 'sales_agent', 1, 'active', NULL, 'Kenya', 'Kilifi', 'Sokoni Ward', 'Kilifi', NULL, NULL, NULL, NULL, '2026-03-24 02:06:43', '2026-03-24 02:06:43', 'D52A7567', 32, NULL, '2026-04-23 05:19:32', 0, 1, 0),
(34, 'agent Bunda', 'agent_007', 'YWdlbnRfMDA3QGdtYWlsLmNvbQ==', 'KzI1NDc1OTU3ODAwNw==', NULL, NULL, '$2y$10$OdFGFa4PykQoC73syulnEuQdor.ddvnNC5ir0JShcmYCweiCQenC.', 'sales_agent', 1, 'active', NULL, 'Kenya', 'Kilifi', 'Sokoni Ward', 'kamois', NULL, NULL, NULL, NULL, '2026-03-24 02:11:06', '2026-03-24 02:11:06', '7F9D1742', 33, NULL, '2026-04-23 10:13:11', 0, 1, 0),
(35, 'sham hashi', 'agent_008', 'YWdlbnRfMDA4QGdtYWlsLmNvbQ==', 'KzI1NDc1OTU3ODAwOA==', NULL, NULL, '$2y$10$hIFRQCX1t3aHXqmF91BmPu5/697RL6h19L3vjvAuEV6lNYPoqQGuu', 'sales_agent', 1, 'active', NULL, 'Kenya', 'Kilifi', 'Sokoni Ward', 'Kilifi', '', '', '', '', '2026-03-24 02:16:39', '2026-03-24 02:16:39', '6676A6FC', 29, NULL, '2026-04-23 05:17:48', 1, 1, 0),
(39, 'Shanig ahsila', 'Buyer_001', 'YnV5ZXJfMDAxQGdtYWlsLmNvbQ==', 'KzI1NDc1OTU3MTAwMQ==', NULL, 'Coming soon...', '$2y$10$VHIyn6QSW8k0hZTovIn7.esSC/FM6/rGrjPnqokftNCx0W1tqPI0a', 'buyer', 0, 'active', NULL, 'Kenya', 'Kilifi', 'Sokoni', 'Kilifi', NULL, NULL, NULL, NULL, '2026-03-24 20:50:39', '2026-03-25 06:14:53', NULL, NULL, NULL, NULL, 0, NULL, 0),
(42, 'Gaaffr mdsa', 'agent_014', 'YWdlbnRfMDE0QGdtYWlsLmNvbQ==', 'KzI1NDc1OTU3ODAxNA==', NULL, 'Come', '$2y$10$IU2DqtE0RaLWsy5OU9uUk./Lm0lKU/0sZGEtLVsIIhCo6Wj36E3y2', 'sales_agent', 1, 'active', NULL, 'Kenya', 'Kilifi', 'Sokoni', 'Kilifi', NULL, NULL, NULL, NULL, '2026-03-25 23:40:45', '2026-04-05 20:36:50', 'F015A0BB', 31, NULL, '2026-04-25 02:41:13', 0, 1, 0),
(48, 'Bisih Jhka', 'agent_017', 'YWdlbnRfMDE3QGdtYWlsLmNvbQ==', 'KzI1NDc1OTU3ODAxNw==', NULL, NULL, '$2y$10$h/VGvMmkRpMtW099kCldIeS/gWryL4ol.vtouQOd.33V/xBt6B02u', 'sales_agent', 1, 'active', NULL, 'Kenya', 'Kilifi', 'Sokoni Ward', 'Tewani', NULL, NULL, NULL, NULL, '2026-04-01 06:28:12', '2026-04-01 06:28:12', '30BC5ABE', 47, NULL, '2026-05-05 07:13:52', 0, 1, 0),
(47, 'Fahsd dhkhda', 'agent_016', 'YWdlbnRfMDE2QGdtYWlsLmNvbQ==', 'KzI1NDc1OTU3ODAxNg==', NULL, NULL, '$2y$10$1TH2S2meb2fRGLGt3xNfL.AMi6yNDrChhRPju/4BdrIFN8xzPGBiG', 'sales_agent', 1, 'active', NULL, 'Kenya', 'Kilifi', 'Sokoni Ward', 'Kilifi', '', '', '', '', '2026-04-01 05:46:43', '2026-04-01 05:46:43', '707C70DA', 29, NULL, '2026-05-01 08:55:02', 1, 1, 0),
(49, 'Khaid Sgalah', 'seller_010', 'c2VsbGVyXzAxMEBnbWFpbC5jb20=', 'KzI1NDc1OTU3ODAxMA==', NULL, NULL, '$2y$10$4P/ReMcEqfIwboQoTKaiLOKiPQFQhhpNRdE5InsRow3ZRFOywFpVe', 'seller', 0, 'active', NULL, 'Kenya', 'Kilifi', 'Sokoni Ward', 'Cherowamaye', 'Kishor Shop', 'products', 'shop', 'Local', '2026-04-04 05:55:01', '2026-04-04 05:55:01', NULL, NULL, NULL, NULL, 0, NULL, 0),
(50, 'EMMANUEL TINDI', 'buyer_002', 'YnV5ZXJfMDAyQGdtYWlsLmNvbQ==', 'KzI1NDc1OTU3ODAxMg==', NULL, NULL, '$2y$10$2WpUst.v10IkucmlWZ881uVy7Egcq0RZNzBGF6GcXRY6Rt4X3G6zW', 'buyer', 0, 'active', NULL, 'Kenya', 'Kilifi', 'Sokoni Ward', 'Shanzu', NULL, NULL, NULL, NULL, '2026-04-04 05:59:36', '2026-04-04 05:59:36', NULL, NULL, NULL, NULL, 0, NULL, 0),
(51, 'EMMANUEL WERANGAI', 'agent_020', 'YWdlbnRfMDIwQGdtYWlsLmNvbQ==', 'KzI1NDc1OTU3ODYzMA==', NULL, NULL, '$2y$10$GKbYcnRiG1qk44g39ixzZe0tXjxkawxE3l05/aPxgQJ5i3wHzFVfG', 'sales_agent', 1, 'active', NULL, 'Kenya', 'Kilifi', 'Sokoni Ward', 'Kilifi', NULL, NULL, NULL, NULL, '2026-04-05 05:08:07', '2026-04-05 05:08:07', 'E8E4F745', 42, NULL, '2026-05-05 08:08:43', 0, 1, 0),
(52, 'agent Bunda', 'agent_021', 'YWdlbnRfMDIxQGdtYWlsLmNvbQ==', 'KzI1NDc1OTU3ODAyMQ==', NULL, NULL, '$2y$10$2R5.Qinln2nad0kWbfo1suPzDCkQQ3lpS0nQDXmAYesSrIZl7TowG', 'sales_agent', 1, 'active', NULL, 'Kenya', 'Kilifi', 'Sokoni Ward', 'Kilifi', NULL, NULL, NULL, NULL, '2026-04-05 05:12:15', '2026-04-05 05:12:15', 'AF2FD5DF', 51, NULL, '2026-05-05 08:12:40', 0, 1, 0),
(53, 'Blessed Emmanuel', 'agent_022', 'YWdlbnRfMDIyQGdtYWlsLmNvbQ==', 'KzI1NDc1OTU3ODAyMg==', NULL, NULL, '$2y$10$K6z/adPGJyfW0yozDLSJy.DRyp3bzHVWoLvoi8KSLFSuCtisxvl/6', 'sales_agent', 1, 'active', NULL, 'Kenya', 'Kilifi', 'Sokoni Ward', 'Kilifi', NULL, NULL, NULL, NULL, '2026-04-05 05:15:52', '2026-04-05 05:15:52', '0FE5BEB4', 51, NULL, '2026-05-05 08:17:12', 0, 1, 0),
(54, 'EMMANUEL WERANGAI', 'agent_023', 'YWdlbnRfMDIzQGdtYWlsLmNvbQ==', 'KzI1NDc1OTU3ODAyMw==', NULL, NULL, '$2y$10$BA6mwT5Im2PK.xX.CJR66O7boUndoFqBiFzJYohTbU0xs60JiPCYq', 'sales_agent', 1, 'active', NULL, 'Kenya', 'Kilifi', 'Sokoni Ward', 'Kilifi', NULL, NULL, NULL, NULL, '2026-04-05 05:18:51', '2026-04-05 05:18:51', '2177B20B', 53, NULL, '2026-05-05 08:21:46', 0, 1, 0),
(55, 'Blessed Emmanuel', 'seller_022', 'c2VsbGVyXzAyMkBnbWFpbC5jb20=', 'KzI1NDc1OTU3ODAyNQ==', NULL, NULL, '$2y$10$QDvhwqUX00zJkIE/kjFI6ehRhrSGP/q2EExTOSYTLG271V0MUFv.a', 'seller', 0, 'active', NULL, 'Kenya', 'Kilifi', 'Sokoni', 'Kilifi', 'Maket Hub', 'products', 'supermarket', 'National', '2026-04-05 19:24:19', '2026-04-05 19:24:19', NULL, NULL, NULL, NULL, 0, NULL, 0),
(56, 'vuny ziono', 'agent_018', 'YWdlbnRfMDE4QGdtYWlsLmNvbQ==', 'KzI1NDc1OTU3ODAxOA==', NULL, NULL, '$2y$10$s/7GltTf02rJA.U8rObR6OuDDRtg7gf8Dc.mu4F2M0deKf3kGGKZi', 'sales_agent', 1, 'active', NULL, 'Kenya', 'Kilifi', 'Sokoni Ward', 'Kilifi', NULL, NULL, NULL, NULL, '2026-04-06 08:27:56', '2026-04-06 08:27:56', '1B4E3C4F', 42, NULL, '2026-05-06 11:39:07', 0, 1, 0),
(57, 'johnny bin', 'agent_019', 'YWdlbnRfMDE5QGdtYWlsLmNvbQ==', 'KzI1NDc1OTU3ODAxOQ==', NULL, NULL, '$2y$10$gyyeIa02ThXg25ZXyWTpGel4YVj.9pxYxYhGiEaOE16ZAWYiSBfKu', 'sales_agent', 1, 'active', NULL, 'Kenya', 'Kilifi', 'Sokoni Ward', 'Kilifi', NULL, NULL, NULL, NULL, '2026-04-06 12:10:17', '2026-04-06 12:10:17', '91B9BD62', 31, NULL, '2026-05-06 15:20:40', 0, 1, 0),
(58, 'EMMANUEL WERANGAI', 'agent_028', 'YWdlbnRfMDI4QGdtYWlsLmNvbQ==', 'KzI1NDc1OTU3ODAyOA==', NULL, NULL, '$2y$10$Y39NTgDyk9f7labcoj2YzeQQhmbTY2oLOi4KkWlyfJ8jqD1ThYxc2', 'sales_agent', 1, 'active', NULL, 'Kenya', 'Kilifi', 'Sokoni Ward', 'Kilifi', NULL, NULL, NULL, NULL, '2026-04-06 23:37:17', '2026-04-06 23:37:17', 'F54F38B9', NULL, NULL, '2026-05-07 02:37:55', 0, 1, 0),
(59, 'EMMANUEL WERANGAI', 'agent_029', 'YWdlbnRfMDlAZ21haWwuY29t', 'KzI1NDc1OTU3ODAyOQ==', NULL, NULL, '$2y$10$WUMsDWWokbFL7g9oREdANOu6DlvKbbZnbJq7i9/kNuSKU/oHsYGui', 'sales_agent', 1, 'active', NULL, 'Kenya', 'Kilifi', 'Sokoni Ward', 'Kilifi', NULL, NULL, NULL, NULL, '2026-04-06 23:44:41', '2026-04-06 23:44:41', 'EC7ED2E8', NULL, NULL, '2026-05-07 02:45:51', 0, 1, 0),
(60, 'EMMANUEL WERANGAI', 'agent_030', 'YWdlbnRfMDMwQGdtYWlsLmNvbQ==', 'KzI1NDc1OTU3ODAzMA==', NULL, NULL, '$2y$10$OBNHG6aYm/7mZvKzy2W0.uypNfNYLKE3DsQeyOdCJbHx6Olk4Oxl2', 'sales_agent', 1, 'active', NULL, 'Kenya', 'Kilifi', 'Sokoni Ward', 'Kilifi', NULL, NULL, NULL, NULL, '2026-04-06 23:51:19', '2026-04-06 23:51:19', '5046ACE6', NULL, NULL, '2026-05-07 02:51:32', 0, 1, 0),
(61, 'EMMANUEL WERANGAI', 'agent_031', 'YWdlbnRfMDMxQGdtYWlsLmNvbQ==', 'KzI1NDc1OTU3ODAzMQ==', NULL, NULL, '$2y$10$LLmoB0pPaKLU5ejioPt9RuD6tAKNoDZt/fMQc8viYw4HyejwFaeeK', 'sales_agent', 0, 'active', NULL, 'Kenya', 'Kilifi', 'Sokoni Ward', 'bosorio', NULL, NULL, NULL, NULL, '2026-04-07 00:35:07', '2026-04-07 00:35:07', '3A5C28A3', NULL, NULL, NULL, 0, 0, 0),
(62, 'EMMANUEL WERANGAI', 'agent_032', 'YWdlbnRfMDMyQGdtYWlsLmNvbQ==', 'KzI1NDc1OTU3ODAzMg==', NULL, NULL, '$2y$10$miBXA6.arge9bqsLaQaesedGE0ux.q70dIUQXZjTN9g9cxTUwr0ue', 'sales_agent', 1, 'active', NULL, 'Kenya', 'Kilifi', 'Sokoni Ward', 'komet', NULL, NULL, NULL, NULL, '2026-04-07 00:42:51', '2026-04-07 00:42:51', '2FFB09F7', NULL, NULL, '2026-05-07 03:43:30', 0, 1, 0),
(63, 'EMMANUEL WERANGAI', 'agent_033', 'YWdlbnRfMDMzQGdtYWlsLmNvbQ==', 'KzI1NDc1OTU3ODAzMw==', NULL, NULL, '$2y$10$J1PSvpmmrE/yUrZ/tylkFubc7csuqwntxOAlvnFjYnbNj1FsQ3Lbm', 'sales_agent', 0, 'active', NULL, 'Kenya', 'Kilifi', 'Sokoni Ward', 'komet', NULL, NULL, NULL, NULL, '2026-04-07 01:00:07', '2026-04-07 01:00:07', '26A55D8B', NULL, NULL, NULL, 0, 0, 0),
(64, 'EMMANUEL WERANGAI', 'agent_034', 'YWdlbnRfMDM0QGdtYWlsLmNvbQ==', 'KzI1NDc1OTU3ODAzNA==', NULL, NULL, '$2y$10$m06LNVP35kM/SksjwKpzV.D/1siMEejWaaX6YTcsggQbO0sf1EMH.', 'sales_agent', 0, 'active', NULL, 'Kenya', 'Kilifi', 'Sokoni Ward', 'komet', NULL, NULL, NULL, NULL, '2026-04-07 01:04:49', '2026-04-07 01:04:49', 'B8244415', NULL, NULL, NULL, 0, 0, 0),
(65, 'EMMANUEL WERANGAI', 'agent_035', 'YWdlbnRfMDM1QGdtYWlsLmNvbQ==', 'KzI1NDc1OTU3ODAzNQ==', NULL, NULL, '$2y$10$rrqnZ2UK7JFdGUNv9yXVGeyXvU0Ke3wcxQvUABE.V8AB6CWCUrp/K', 'sales_agent', 1, 'active', NULL, 'Kenya', 'Kilifi', 'Sokoni Ward', 'gusiiy', NULL, NULL, NULL, NULL, '2026-04-07 01:06:37', '2026-04-07 01:06:37', 'C3811B4D', 29, NULL, '2026-05-07 04:15:21', 0, 1, 0);

-- --------------------------------------------------------

--
-- Table structure for table `user_cart`
--

CREATE TABLE `user_cart` (
  `cart_id` int(11) NOT NULL,
  `user_id` int(11) NOT NULL,
  `product_id` int(11) NOT NULL,
  `quantity` int(11) NOT NULL DEFAULT 1,
  `created_at` timestamp NOT NULL DEFAULT current_timestamp(),
  `updated_at` timestamp NOT NULL DEFAULT current_timestamp() ON UPDATE current_timestamp()
) ENGINE=InnoDB DEFAULT CHARSET=utf8mb4 COLLATE=utf8mb4_general_ci;

--
-- Dumping data for table `user_cart`
--

INSERT INTO `user_cart` (`cart_id`, `user_id`, `product_id`, `quantity`, `created_at`, `updated_at`) VALUES
(57, 29, 1, 1, '2026-03-31 07:24:51', '2026-03-31 07:24:51');

-- --------------------------------------------------------

--
-- Table structure for table `user_followers`
--

CREATE TABLE `user_followers` (
  `follower_id` int(11) NOT NULL,
  `followed_id` int(11) NOT NULL,
  `followed_at` timestamp NOT NULL DEFAULT current_timestamp()
) ENGINE=InnoDB DEFAULT CHARSET=utf8mb4 COLLATE=utf8mb4_general_ci;

--
-- Dumping data for table `user_followers`
--

INSERT INTO `user_followers` (`follower_id`, `followed_id`, `followed_at`) VALUES
(14, 15, '2026-03-07 17:26:55'),
(14, 17, '2026-03-07 17:27:16'),
(14, 18, '2026-02-25 20:26:17'),
(14, 19, '2026-02-26 12:54:30'),
(16, 15, '2026-02-26 13:04:54'),
(16, 17, '2026-02-25 21:49:03'),
(16, 18, '2026-03-06 19:02:14'),
(16, 19, '2026-03-06 19:02:16'),
(16, 20, '2026-02-26 18:17:46'),
(20, 17, '2026-02-26 18:25:49'),
(29, 15, '2026-04-06 16:39:07'),
(29, 17, '2026-04-06 16:38:58'),
(31, 15, '2026-04-06 11:05:53'),
(31, 17, '2026-04-06 10:59:36'),
(31, 55, '2026-04-06 10:52:49'),
(39, 15, '2026-04-03 16:19:29'),
(39, 17, '2026-04-02 12:32:25'),
(39, 55, '2026-04-05 19:33:08'),
(42, 17, '2026-04-06 08:46:17'),
(50, 17, '2026-04-04 07:59:31'),
(50, 18, '2026-04-04 08:19:46'),
(50, 19, '2026-04-04 12:11:49'),
(50, 49, '2026-04-04 07:59:42');

-- --------------------------------------------------------

--
-- Table structure for table `wallets`
--

CREATE TABLE `wallets` (
  `wallet_id` int(11) NOT NULL,
  `user_id` int(11) NOT NULL,
  `wallet_type` enum('sales','agency','sales_agent','property_owner','administrator','buyer','seller') NOT NULL,
  `balance` decimal(12,2) DEFAULT 0.00,
  `total_transacted` decimal(12,2) DEFAULT 0.00,
  `created_at` timestamp NULL DEFAULT current_timestamp(),
  `updated_at` timestamp NULL DEFAULT current_timestamp() ON UPDATE current_timestamp()
) ENGINE=MyISAM DEFAULT CHARSET=latin1 COLLATE=latin1_swedish_ci;

--
-- Dumping data for table `wallets`
--

INSERT INTO `wallets` (`wallet_id`, `user_id`, `wallet_type`, `balance`, `total_transacted`, `created_at`, `updated_at`) VALUES
(20, 31, 'sales', 0.00, 0.00, '2026-03-24 02:18:10', '2026-04-01 20:22:07'),
(19, 35, 'agency', 0.00, 0.00, '2026-03-24 02:17:48', '2026-03-24 02:17:48'),
(18, 35, 'sales', 0.00, 0.00, '2026-03-24 02:17:48', '2026-03-24 02:17:48'),
(17, 31, 'agency', 300.00, 760.00, '2026-03-24 02:02:55', '2026-04-06 12:20:40'),
(16, 32, 'agency', 380.00, 380.00, '2026-03-24 02:02:55', '2026-03-25 22:33:12'),
(15, 32, 'sales', 0.00, 0.00, '2026-03-24 02:02:55', '2026-03-24 02:02:55'),
(14, 30, 'agency', 0.00, 0.00, '2026-03-24 01:42:31', '2026-03-24 01:42:31'),
(13, 30, 'sales', 0.00, 0.00, '2026-03-24 01:42:31', '2026-03-24 01:42:31'),
(12, 29, 'agency', 1997040.00, 980.00, '2026-03-24 01:39:24', '2026-04-07 01:33:04'),
(11, 29, 'sales', 1289413.00, 0.00, '2026-03-24 01:39:24', '2026-04-07 01:32:29'),
(21, 33, 'sales', 0.00, 0.00, '2026-03-24 02:19:32', '2026-03-24 02:19:32'),
(22, 33, 'agency', 200.00, 200.00, '2026-03-24 02:19:32', '2026-03-24 08:28:39'),
(23, 34, 'sales', 0.00, 0.00, '2026-03-24 07:13:11', '2026-03-24 07:13:11'),
(24, 34, 'agency', 0.00, 0.00, '2026-03-24 07:13:11', '2026-03-24 07:13:11'),
(25, 38, 'sales', 0.00, 0.00, '2026-03-24 08:28:39', '2026-03-24 08:28:39'),
(26, 38, 'agency', 0.00, 0.00, '2026-03-24 08:28:39', '2026-03-24 08:28:39'),
(27, 39, 'buyer', 0.00, 0.00, '2026-03-24 20:50:39', '2026-03-24 20:50:39'),
(28, 37, 'sales', 0.00, 0.00, '2026-03-25 18:16:55', '2026-03-25 18:16:55'),
(29, 37, 'agency', 0.00, 0.00, '2026-03-25 18:16:55', '2026-03-25 18:16:55'),
(30, 40, 'sales', 0.00, 0.00, '2026-03-25 22:28:43', '2026-03-25 22:28:43'),
(31, 40, 'agency', 0.00, 0.00, '2026-03-25 22:28:43', '2026-03-25 22:28:43'),
(32, 41, 'sales', 0.00, 0.00, '2026-03-25 22:33:12', '2026-03-25 22:33:12'),
(33, 41, 'agency', 0.00, 0.00, '2026-03-25 22:33:12', '2026-03-25 22:33:12'),
(34, 42, 'sales', 0.00, 0.00, '2026-03-25 23:41:13', '2026-03-25 23:41:13'),
(35, 42, 'agency', 100.00, 500.00, '2026-03-25 23:41:13', '2026-04-06 08:54:23'),
(36, 43, 'sales', 0.00, 0.00, '2026-03-25 23:53:21', '2026-03-25 23:53:21'),
(37, 43, 'agency', 0.00, 0.00, '2026-03-25 23:53:21', '2026-03-25 23:53:21'),
(38, 44, 'sales', 0.00, 0.00, '2026-03-26 19:21:51', '2026-03-26 19:21:51'),
(39, 44, 'agency', 100.00, 100.00, '2026-03-26 19:21:51', '2026-03-30 21:30:04'),
(40, 45, 'sales', 0.00, 0.00, '2026-03-30 21:30:04', '2026-03-30 21:30:04'),
(41, 45, 'agency', 0.00, 0.00, '2026-03-30 21:30:04', '2026-03-30 21:30:04'),
(42, 47, 'sales', 0.00, 0.00, '2026-04-01 05:55:02', '2026-04-01 05:55:02'),
(43, 47, 'agency', 100.00, 100.00, '2026-04-01 05:55:02', '2026-04-05 04:13:52'),
(47, 15, 'sales', -228775.00, 0.00, '2026-04-03 20:55:06', '2026-04-03 20:56:17'),
(46, 21, 'administrator', 200.00, 200.00, '2026-04-01 07:15:44', '2026-04-07 00:43:30'),
(48, 15, 'seller', 198000.00, 204660.00, '2026-04-03 21:13:25', '2026-04-07 01:26:14'),
(49, 49, 'seller', 0.00, 0.00, '2026-04-04 05:55:01', '2026-04-04 05:55:01'),
(50, 50, 'buyer', 0.00, 0.00, '2026-04-04 05:59:36', '2026-04-04 05:59:36'),
(53, 17, 'seller', 7920.00, 1130.00, '2026-04-04 12:07:27', '2026-04-06 08:45:55'),
(52, 19, 'seller', 200.00, 200.00, '2026-04-04 08:18:16', '2026-04-04 12:13:19'),
(54, 48, 'sales', 0.00, 0.00, '2026-04-05 04:13:52', '2026-04-05 04:13:52'),
(55, 48, 'agency', 0.00, 0.00, '2026-04-05 04:13:52', '2026-04-05 04:13:52'),
(56, 51, 'sales', 0.00, 0.00, '2026-04-05 05:08:43', '2026-04-05 05:08:43'),
(57, 51, 'agency', 240.00, 240.00, '2026-04-05 05:08:43', '2026-04-05 05:21:46'),
(58, 52, 'sales', 0.00, 0.00, '2026-04-05 05:12:40', '2026-04-05 05:12:40'),
(59, 52, 'agency', 0.00, 0.00, '2026-04-05 05:12:40', '2026-04-05 05:12:40'),
(60, 53, 'sales', 0.00, 0.00, '2026-04-05 05:17:12', '2026-04-05 05:17:12'),
(61, 53, 'agency', 100.00, 100.00, '2026-04-05 05:17:12', '2026-04-05 05:21:46'),
(62, 54, 'sales', 0.00, 0.00, '2026-04-05 05:21:46', '2026-04-05 05:21:46'),
(63, 54, 'agency', 0.00, 0.00, '2026-04-05 05:21:46', '2026-04-05 05:21:46'),
(64, 55, 'seller', 0.00, 0.00, '2026-04-05 19:24:19', '2026-04-05 19:24:19'),
(65, 56, 'sales', 0.00, 0.00, '2026-04-06 08:39:07', '2026-04-06 08:39:07'),
(66, 56, 'agency', 0.00, 0.00, '2026-04-06 08:39:07', '2026-04-06 08:39:07'),
(67, 46, 'sales', 0.00, 0.00, '2026-04-06 08:54:23', '2026-04-06 08:54:23'),
(68, 46, 'agency', 0.00, 0.00, '2026-04-06 08:54:23', '2026-04-06 08:54:23'),
(69, 57, 'sales', 0.00, 0.00, '2026-04-06 12:20:40', '2026-04-06 12:20:40'),
(70, 57, 'agency', 0.00, 0.00, '2026-04-06 12:20:40', '2026-04-06 12:20:40'),
(71, 58, 'sales', 0.00, 0.00, '2026-04-06 23:37:55', '2026-04-06 23:37:55'),
(72, 58, 'agency', 0.00, 0.00, '2026-04-06 23:37:55', '2026-04-06 23:37:55'),
(73, 59, 'sales', 0.00, 0.00, '2026-04-06 23:45:51', '2026-04-06 23:45:51'),
(74, 59, 'agency', 0.00, 0.00, '2026-04-06 23:45:51', '2026-04-06 23:45:51'),
(76, 60, 'sales', 0.00, 0.00, '2026-04-06 23:51:32', '2026-04-06 23:51:32'),
(77, 60, 'agency', 0.00, 0.00, '2026-04-06 23:51:32', '2026-04-06 23:51:32'),
(78, 62, 'sales', 0.00, 0.00, '2026-04-07 00:43:30', '2026-04-07 00:43:30'),
(79, 62, 'agency', 0.00, 0.00, '2026-04-07 00:43:30', '2026-04-07 00:43:30'),
(80, 65, 'sales', 0.00, 0.00, '2026-04-07 01:15:21', '2026-04-07 01:15:21'),
(81, 65, 'agency', 0.00, 0.00, '2026-04-07 01:15:21', '2026-04-07 01:15:21');

-- --------------------------------------------------------

--
-- Table structure for table `withdrawals`
--

CREATE TABLE `withdrawals` (
  `withdrawal_id` bigint(20) UNSIGNED NOT NULL,
  `user_id` bigint(20) UNSIGNED NOT NULL,
  `wallet_id` bigint(20) UNSIGNED NOT NULL,
  `amount` decimal(12,2) NOT NULL,
  `currency` varchar(10) NOT NULL DEFAULT 'KES',
  `fee` decimal(12,2) DEFAULT 0.00,
  `net_amount` decimal(12,2) NOT NULL,
  `method` enum('mpesa','bank','paypal','crypto') NOT NULL,
  `account_name` varchar(150) NOT NULL,
  `account_number` varchar(100) NOT NULL,
  `status` enum('pending','processing','completed','failed','reversed') DEFAULT 'pending',
  `transaction_id` bigint(20) UNSIGNED DEFAULT NULL,
  `reference_code` varchar(100) DEFAULT NULL,
  `provider_reference` varchar(150) DEFAULT NULL,
  `requested_at` datetime DEFAULT current_timestamp(),
  `processed_at` datetime DEFAULT NULL,
  `failure_reason` text DEFAULT NULL,
  `created_at` datetime DEFAULT current_timestamp(),
  `updated_at` datetime DEFAULT current_timestamp() ON UPDATE current_timestamp()
) ENGINE=InnoDB DEFAULT CHARSET=utf8mb4 COLLATE=utf8mb4_general_ci;

--
-- Dumping data for table `withdrawals`
--

INSERT INTO `withdrawals` (`withdrawal_id`, `user_id`, `wallet_id`, `amount`, `currency`, `fee`, `net_amount`, `method`, `account_name`, `account_number`, `status`, `transaction_id`, `reference_code`, `provider_reference`, `requested_at`, `processed_at`, `failure_reason`, `created_at`, `updated_at`) VALUES
(1, 29, 12, 41.00, 'KES', 40.00, 1.00, 'mpesa', '', '', 'pending', 0, NULL, NULL, '2026-04-01 15:47:31', NULL, NULL, '2026-04-01 15:47:31', '2026-04-01 15:47:31'),
(2, 29, 12, 41.00, 'KES', 40.00, 1.00, 'mpesa', '', '', 'pending', 0, NULL, NULL, '2026-04-01 15:49:44', NULL, NULL, '2026-04-01 15:49:44', '2026-04-01 15:49:44'),
(3, 29, 12, 1.00, 'KES', 0.00, 1.00, 'mpesa', '', '', 'pending', 0, NULL, NULL, '2026-04-01 15:57:42', NULL, NULL, '2026-04-01 15:57:42', '2026-04-01 15:57:42'),
(4, 29, 12, 1.00, 'KES', 0.00, 1.00, 'mpesa', '', '', 'pending', 0, NULL, NULL, '2026-04-01 15:58:27', NULL, NULL, '2026-04-01 15:58:27', '2026-04-01 15:58:27'),
(5, 29, 12, 1.00, 'KES', 0.00, 1.00, 'mpesa', '', '', 'pending', 0, NULL, NULL, '2026-04-01 15:58:41', NULL, NULL, '2026-04-01 15:58:41', '2026-04-01 15:58:41'),
(6, 29, 12, 1.00, 'KES', 0.00, 1.00, 'mpesa', '', '', 'pending', 0, NULL, NULL, '2026-04-01 16:07:30', NULL, NULL, '2026-04-01 16:07:30', '2026-04-01 16:07:30'),
(7, 29, 12, 1.00, 'KES', 0.00, 1.00, 'mpesa', '', '', 'pending', 0, NULL, NULL, '2026-04-01 16:08:15', NULL, NULL, '2026-04-01 16:08:15', '2026-04-01 16:08:15'),
(8, 29, 12, 500.00, 'KES', 0.00, 500.00, 'mpesa', '', '', 'pending', 5, NULL, NULL, '2026-04-01 16:53:48', NULL, NULL, '2026-04-01 16:53:48', '2026-04-01 16:53:48'),
(9, 29, 12, 400.00, 'KES', 0.00, 400.00, 'mpesa', '', '', 'pending', 6, NULL, NULL, '2026-04-01 17:02:51', NULL, NULL, '2026-04-01 17:02:51', '2026-04-01 17:02:51'),
(10, 29, 12, 600.00, 'KES', 0.00, 600.00, 'mpesa', '', '', 'pending', 7, NULL, NULL, '2026-04-01 17:03:06', NULL, NULL, '2026-04-01 17:03:06', '2026-04-01 17:03:06'),
(11, 29, 12, 600.00, 'KES', 0.00, 600.00, 'mpesa', '', '', 'pending', 8, NULL, NULL, '2026-04-01 17:03:39', NULL, NULL, '2026-04-01 17:03:39', '2026-04-01 17:03:39'),
(12, 29, 12, 600.00, 'KES', 0.00, 600.00, 'mpesa', '', '', 'pending', 9, NULL, NULL, '2026-04-01 17:03:54', NULL, NULL, '2026-04-01 17:03:54', '2026-04-01 17:03:54'),
(13, 29, 12, 600.00, 'KES', 0.00, 600.00, 'mpesa', '', '', 'pending', 10, NULL, NULL, '2026-04-01 17:04:02', NULL, NULL, '2026-04-01 17:04:02', '2026-04-01 17:04:02'),
(14, 29, 12, 50.00, 'KES', 0.00, 50.00, 'mpesa', '', '', 'pending', 11, NULL, NULL, '2026-04-01 17:05:17', NULL, NULL, '2026-04-01 17:05:17', '2026-04-01 17:05:17'),
(15, 29, 12, 6.00, 'KES', 0.00, 6.00, 'mpesa', '', '', 'pending', 12, NULL, NULL, '2026-04-01 17:05:32', NULL, NULL, '2026-04-01 17:05:32', '2026-04-01 17:05:32'),
(16, 29, 12, 4.00, 'KES', 0.00, 4.00, 'mpesa', '', '', 'pending', 13, NULL, NULL, '2026-04-01 17:05:50', NULL, NULL, '2026-04-01 17:05:50', '2026-04-01 17:05:50'),
(17, 29, 12, 4.00, 'KES', 0.00, 4.00, 'mpesa', '', '', 'pending', 14, NULL, NULL, '2026-04-01 17:12:08', NULL, NULL, '2026-04-01 17:12:08', '2026-04-01 17:12:08'),
(18, 29, 12, 5.00, 'KES', 0.00, 5.00, 'mpesa', '', '', 'pending', 15, NULL, NULL, '2026-04-01 17:14:32', NULL, NULL, '2026-04-01 17:14:32', '2026-04-01 17:14:32'),
(19, 29, 12, 5.00, 'KES', 0.00, 5.00, 'mpesa', '', '', 'pending', 16, NULL, NULL, '2026-04-01 17:15:02', NULL, NULL, '2026-04-01 17:15:02', '2026-04-01 17:15:02'),
(20, 29, 12, 10.00, 'KES', 0.00, 10.00, 'mpesa', '', '', 'pending', 17, NULL, NULL, '2026-04-01 17:15:41', NULL, NULL, '2026-04-01 17:15:41', '2026-04-01 17:15:41'),
(21, 29, 11, 500.00, 'KES', 0.00, 500.00, 'mpesa', '', '', 'pending', 18, NULL, NULL, '2026-04-01 17:16:23', NULL, NULL, '2026-04-01 17:16:23', '2026-04-01 17:16:23'),
(22, 29, 11, 3000.00, 'KES', 40.00, 2960.00, 'mpesa', '', '', 'pending', 19, NULL, NULL, '2026-04-01 17:29:01', NULL, NULL, '2026-04-01 17:29:01', '2026-04-01 17:29:01'),
(23, 29, 11, 10000.00, 'KES', 40.00, 9960.00, 'mpesa', '', '', 'pending', 20, NULL, NULL, '2026-04-01 17:29:24', NULL, NULL, '2026-04-01 17:29:24', '2026-04-01 17:29:24'),
(24, 29, 11, 3000.00, 'KES', 40.00, 2960.00, 'mpesa', '', '', 'pending', 21, NULL, NULL, '2026-04-01 17:39:37', NULL, NULL, '2026-04-01 17:39:37', '2026-04-01 17:39:37'),
(25, 29, 11, 90000.00, 'KES', 360.00, 89640.00, 'mpesa', '', '', 'pending', 22, NULL, NULL, '2026-04-01 17:39:50', NULL, NULL, '2026-04-01 17:39:50', '2026-04-01 17:39:50'),
(26, 29, 11, 3000.00, 'KES', 56.00, 2944.00, 'mpesa', '', '', 'pending', 23, NULL, NULL, '2026-04-01 17:50:19', NULL, NULL, '2026-04-01 17:50:19', '2026-04-01 17:50:19'),
(27, 29, 11, 10000.00, 'KES', 70.00, 9930.00, 'mpesa', '', '', 'pending', 24, NULL, NULL, '2026-04-01 17:50:46', NULL, NULL, '2026-04-01 17:50:46', '2026-04-01 17:50:46'),
(28, 29, 11, 100000.00, 'KES', 300.00, 99700.00, 'mpesa', '', '', 'pending', 25, NULL, NULL, '2026-04-01 17:51:19', NULL, NULL, '2026-04-01 17:51:19', '2026-04-01 17:51:19'),
(29, 29, 11, 100000.00, 'KES', 300.00, 99700.00, 'mpesa', '', '', 'pending', 26, NULL, NULL, '2026-04-01 17:52:02', NULL, NULL, '2026-04-01 17:52:02', '2026-04-01 17:52:02'),
(30, 29, 11, 7000.00, 'KES', 64.00, 6936.00, 'mpesa', '', '', 'pending', 27, NULL, NULL, '2026-04-01 17:53:38', NULL, NULL, '2026-04-01 17:53:38', '2026-04-01 17:53:38'),
(31, 29, 11, 15000.00, 'KES', 122.50, 14877.50, 'mpesa', '', '', 'pending', 28, NULL, NULL, '2026-04-01 17:54:12', NULL, NULL, '2026-04-01 17:54:12', '2026-04-01 17:54:12'),
(32, 29, 11, 20000.00, 'KES', 130.00, 19870.00, 'mpesa', '', '', 'pending', 29, NULL, NULL, '2026-04-01 17:55:18', NULL, NULL, '2026-04-01 17:55:18', '2026-04-01 17:55:18'),
(33, 29, 11, 35000.00, 'KES', 152.50, 34847.50, 'mpesa', '', '', 'pending', 30, NULL, NULL, '2026-04-01 17:56:10', NULL, NULL, '2026-04-01 17:56:10', '2026-04-01 17:56:10'),
(34, 29, 11, 49000.00, 'KES', 173.50, 48826.50, 'mpesa', '', '', 'pending', 31, NULL, NULL, '2026-04-01 17:57:23', NULL, NULL, '2026-04-01 17:57:23', '2026-04-01 17:57:23'),
(35, 29, 11, 2600.00, 'KES', 55.20, 2544.80, 'mpesa', '', '', 'pending', 32, NULL, NULL, '2026-04-01 18:06:01', NULL, NULL, '2026-04-01 18:06:01', '2026-04-01 18:06:01'),
(37, 29, 11, 5000.00, 'KES', 60.00, 4940.00, 'mpesa', '', '', 'pending', 34, NULL, NULL, '2026-04-01 18:10:01', NULL, NULL, '2026-04-01 18:10:01', '2026-04-01 18:10:01'),
(38, 29, 11, 5000.00, 'KES', 60.00, 4940.00, 'mpesa', '', '', 'pending', 35, NULL, NULL, '2026-04-01 18:12:50', NULL, NULL, '2026-04-01 18:12:50', '2026-04-01 18:12:50'),
(39, 29, 11, 5000.00, 'KES', 60.00, 4940.00, 'mpesa', '', '', 'pending', 36, NULL, NULL, '2026-04-01 18:13:07', NULL, NULL, '2026-04-01 18:13:07', '2026-04-01 18:13:07'),
(40, 29, 11, 5000.00, 'KES', 60.00, 4940.00, 'mpesa', '', '', 'pending', 37, NULL, NULL, '2026-04-01 18:14:04', NULL, NULL, '2026-04-01 18:14:04', '2026-04-01 18:14:04'),
(41, 29, 11, 500.00, 'KES', 40.00, 460.00, 'mpesa', '', '', 'pending', 38, NULL, NULL, '2026-04-01 18:14:43', NULL, NULL, '2026-04-01 18:14:43', '2026-04-01 18:14:43'),
(42, 29, 11, 500.00, 'KES', 40.00, 460.00, 'mpesa', '', '', 'pending', 39, NULL, NULL, '2026-04-01 18:15:01', NULL, NULL, '2026-04-01 18:15:01', '2026-04-01 18:15:01'),
(43, 29, 11, 5000.00, 'KES', 60.00, 4940.00, 'mpesa', '', '', 'pending', 40, NULL, NULL, '2026-04-01 18:19:30', NULL, NULL, '2026-04-01 18:19:30', '2026-04-01 18:19:30'),
(44, 31, 20, 500.00, 'KES', 40.00, 460.00, 'mpesa', '', '', 'pending', 45, NULL, NULL, '2026-04-01 23:22:07', NULL, NULL, '2026-04-01 23:22:07', '2026-04-01 23:22:07'),
(45, 31, 17, 460.00, 'KES', 40.00, 420.00, 'mpesa', '', '', 'pending', 46, NULL, NULL, '2026-04-01 23:48:28', NULL, NULL, '2026-04-01 23:48:28', '2026-04-01 23:48:28'),
(46, 29, 12, 2000.00, 'KES', 54.00, 1946.00, 'mpesa', '', '', 'pending', 47, NULL, NULL, '2026-04-02 01:35:01', NULL, NULL, '2026-04-02 01:35:01', '2026-04-02 01:35:01'),
(47, 29, 11, 1000.00, 'KES', 40.00, 960.00, 'mpesa', '', '', 'pending', 48, NULL, NULL, '2026-04-02 01:52:07', NULL, NULL, '2026-04-02 01:52:07', '2026-04-02 01:52:07'),
(48, 29, 11, 1000.00, 'KES', 40.00, 960.00, 'mpesa', '', '', 'pending', 49, NULL, NULL, '2026-04-02 01:52:33', NULL, NULL, '2026-04-02 01:52:33', '2026-04-02 01:52:33'),
(49, 29, 11, 3768.00, 'KES', 57.54, 3710.46, 'mpesa', '', '', 'pending', 50, NULL, NULL, '2026-04-02 01:52:56', NULL, NULL, '2026-04-02 01:52:56', '2026-04-02 01:52:56'),
(50, 29, 11, 3434.00, 'KES', 56.87, 3377.13, 'mpesa', '', '', 'pending', 51, NULL, NULL, '2026-04-02 02:13:05', NULL, NULL, '2026-04-02 02:13:05', '2026-04-02 02:13:05'),
(51, 29, 11, 4354.00, 'KES', 58.71, 4295.29, 'mpesa', '', '', 'pending', 52, NULL, NULL, '2026-04-02 02:14:02', NULL, NULL, '2026-04-02 02:14:02', '2026-04-02 02:14:02'),
(52, 29, 11, 500.00, 'KES', 40.00, 460.00, 'mpesa', '', '', 'pending', 53, NULL, NULL, '2026-04-02 02:14:23', NULL, NULL, '2026-04-02 02:14:23', '2026-04-02 02:14:23'),
(53, 29, 11, 690.00, 'KES', 40.00, 650.00, 'mpesa', '', '', 'pending', 54, NULL, NULL, '2026-04-02 02:16:19', NULL, NULL, '2026-04-02 02:16:19', '2026-04-02 02:16:19'),
(54, 29, 11, 788.00, 'KES', 40.00, 748.00, 'mpesa', '', '', 'pending', 55, NULL, NULL, '2026-04-02 02:17:27', NULL, NULL, '2026-04-02 02:17:27', '2026-04-02 02:17:27'),
(55, 29, 11, 89879.00, 'KES', 289.88, 89589.12, 'mpesa', '', '', 'pending', 56, NULL, NULL, '2026-04-02 02:18:03', NULL, NULL, '2026-04-02 02:18:03', '2026-04-02 02:18:03'),
(56, 29, 11, 550.00, 'KES', 40.00, 510.00, 'mpesa', '', '', 'pending', 57, NULL, NULL, '2026-04-02 02:18:52', NULL, NULL, '2026-04-02 02:18:52', '2026-04-02 02:18:52'),
(57, 29, 11, 1000.00, 'KES', 40.00, 960.00, 'mpesa', '', '', 'pending', 58, NULL, NULL, '2026-04-02 02:19:18', NULL, NULL, '2026-04-02 02:19:18', '2026-04-02 02:19:18'),
(58, 29, 11, 1000.00, 'KES', 40.00, 960.00, 'mpesa', '', '', 'pending', 59, NULL, NULL, '2026-04-02 02:19:55', NULL, NULL, '2026-04-02 02:19:55', '2026-04-02 02:19:55'),
(59, 29, 11, 566.00, 'KES', 40.00, 526.00, 'mpesa', '', '', 'pending', 60, NULL, NULL, '2026-04-02 02:20:44', NULL, NULL, '2026-04-02 02:20:44', '2026-04-02 02:20:44'),
(60, 29, 11, 600.00, 'KES', 40.00, 560.00, 'mpesa', '', '', 'pending', 61, NULL, NULL, '2026-04-02 02:21:25', NULL, NULL, '2026-04-02 02:21:25', '2026-04-02 02:21:25'),
(61, 29, 11, 3000.00, 'KES', 56.00, 2944.00, 'mpesa', '', '', 'pending', 62, NULL, NULL, '2026-04-02 02:21:39', NULL, NULL, '2026-04-02 02:21:39', '2026-04-02 02:21:39'),
(62, 29, 11, 500.00, 'KES', 40.00, 460.00, 'mpesa', '', '', 'pending', 63, NULL, NULL, '2026-04-03 20:50:40', NULL, NULL, '2026-04-03 20:50:40', '2026-04-03 20:50:40'),
(63, 15, 47, 78978.00, 'KES', 278.98, 78699.02, 'mpesa', '', '', 'pending', 64, NULL, NULL, '2026-04-03 23:55:13', NULL, NULL, '2026-04-03 23:55:13', '2026-04-03 23:55:13'),
(64, 15, 47, 70000.00, 'KES', 270.00, 69730.00, 'mpesa', '', '', 'pending', 65, NULL, NULL, '2026-04-03 23:55:26', NULL, NULL, '2026-04-03 23:55:26', '2026-04-03 23:55:26'),
(65, 15, 47, 78797.00, 'KES', 278.80, 78518.20, 'mpesa', '', '', 'pending', 66, NULL, NULL, '2026-04-03 23:55:50', NULL, NULL, '2026-04-03 23:55:50', '2026-04-03 23:55:50'),
(66, 15, 47, 500.00, 'KES', 40.00, 460.00, 'mpesa', '', '', 'pending', 67, NULL, NULL, '2026-04-03 23:56:02', NULL, NULL, '2026-04-03 23:56:02', '2026-04-03 23:56:02'),
(67, 15, 47, 500.00, 'KES', 40.00, 460.00, 'mpesa', '', '', 'pending', 68, NULL, NULL, '2026-04-03 23:56:17', NULL, NULL, '2026-04-03 23:56:17', '2026-04-03 23:56:17'),
(68, 17, 53, 600.00, 'KES', 40.00, 560.00, 'mpesa', '', '', 'pending', 69, NULL, NULL, '2026-04-05 05:12:52', NULL, NULL, '2026-04-05 05:12:52', '2026-04-05 05:12:52'),
(69, 17, 53, 600.00, 'KES', 40.00, 560.00, 'mpesa', '', '', 'pending', 70, NULL, NULL, '2026-04-05 05:13:04', NULL, NULL, '2026-04-05 05:13:04', '2026-04-05 05:13:04'),
(70, 17, 53, 8000.00, 'KES', 66.00, 7934.00, 'mpesa', '', '', 'pending', 71, NULL, NULL, '2026-04-05 05:19:40', NULL, NULL, '2026-04-05 05:19:40', '2026-04-05 05:19:40'),
(71, 17, 53, 1000.00, 'KES', 40.00, 960.00, 'mpesa', '', '', 'pending', 72, NULL, NULL, '2026-04-05 05:20:12', NULL, NULL, '2026-04-05 05:20:12', '2026-04-05 05:20:12'),
(72, 17, 53, 500.00, 'KES', 40.00, 460.00, 'mpesa', '', '', 'pending', 73, NULL, NULL, '2026-04-05 05:21:57', NULL, NULL, '2026-04-05 05:21:57', '2026-04-05 05:21:57'),
(73, 17, 53, 600.00, 'KES', 40.00, 560.00, 'mpesa', '', '', 'pending', 74, NULL, NULL, '2026-04-05 05:22:16', NULL, NULL, '2026-04-05 05:22:16', '2026-04-05 05:22:16'),
(74, 17, 53, 700.00, 'KES', 40.00, 660.00, 'mpesa', '', '', 'pending', 75, NULL, NULL, '2026-04-05 05:22:34', NULL, NULL, '2026-04-05 05:22:34', '2026-04-05 05:22:34'),
(75, 29, 11, 500.00, 'KES', 40.00, 460.00, 'mpesa', '', '', 'pending', 90, NULL, NULL, '2026-04-05 18:21:16', NULL, NULL, '2026-04-05 18:21:16', '2026-04-05 18:21:16'),
(76, 29, 11, 500.00, 'KES', 40.00, 460.00, 'mpesa', '', '', 'pending', 91, NULL, NULL, '2026-04-05 18:21:27', NULL, NULL, '2026-04-05 18:21:27', '2026-04-05 18:21:27'),
(77, 29, 11, 771.00, 'KES', 40.00, 731.00, 'mpesa', '', '', 'pending', 92, NULL, NULL, '2026-04-05 18:21:41', NULL, NULL, '2026-04-05 18:21:41', '2026-04-05 18:21:41'),
(78, 29, 11, 500.00, 'KES', 40.00, 460.00, 'mpesa', '', '', 'pending', 93, NULL, NULL, '2026-04-05 18:21:54', NULL, NULL, '2026-04-05 18:21:54', '2026-04-05 18:21:54'),
(79, 15, 48, 500.00, 'KES', 40.00, 460.00, 'mpesa', '', '', 'pending', 94, NULL, NULL, '2026-04-05 18:37:51', NULL, NULL, '2026-04-05 18:37:51', '2026-04-05 18:37:51'),
(80, 42, 35, 400.00, 'KES', 40.00, 360.00, 'mpesa', '', '', 'pending', 98, NULL, NULL, '2026-04-06 11:41:04', NULL, NULL, '2026-04-06 11:41:04', '2026-04-06 11:41:04'),
(81, 15, 48, 660.00, 'KES', 40.00, 620.00, 'mpesa', '', '', 'pending', 99, NULL, NULL, '2026-04-06 14:43:01', NULL, NULL, '2026-04-06 14:43:01', '2026-04-06 14:43:01'),
(82, 29, 11, 4500.00, 'KES', 59.00, 4441.00, 'mpesa', '', '', 'pending', 102, NULL, NULL, '2026-04-06 15:23:21', NULL, NULL, '2026-04-06 15:23:21', '2026-04-06 15:23:21'),
(83, 29, 11, 40000.00, 'KES', 160.00, 39840.00, 'mpesa', '', '', 'pending', 103, NULL, NULL, '2026-04-06 15:25:46', NULL, NULL, '2026-04-06 15:25:46', '2026-04-06 15:25:46'),
(87, 29, 11, 5000.00, 'KES', 60.00, 4940.00, 'mpesa', '', '', 'pending', 112, NULL, NULL, '2026-04-07 04:12:29', NULL, NULL, '2026-04-07 04:12:29', '2026-04-07 04:12:29'),
(88, 29, 12, 700.00, 'KES', 40.00, 660.00, 'mpesa', '', '', 'pending', 113, NULL, NULL, '2026-04-07 04:13:28', NULL, NULL, '2026-04-07 04:13:28', '2026-04-07 04:13:28'),
(89, 15, 48, 5000.00, 'KES', 60.00, 4940.00, 'mpesa', '', '', 'pending', 114, NULL, NULL, '2026-04-07 04:26:14', NULL, NULL, '2026-04-07 04:26:14', '2026-04-07 04:26:14'),
(90, 29, 11, 50087.00, 'KES', 250.09, 49836.91, 'mpesa', '', '', 'pending', 115, NULL, NULL, '2026-04-07 04:29:10', NULL, NULL, '2026-04-07 04:29:10', '2026-04-07 04:29:10'),
(91, 29, 11, 500.00, 'KES', 40.00, 460.00, 'mpesa', '', '', 'pending', 116, NULL, NULL, '2026-04-07 04:32:29', NULL, NULL, '2026-04-07 04:32:29', '2026-04-07 04:32:29'),
(92, 29, 12, 500.00, 'KES', 40.00, 460.00, 'mpesa', '', '', 'pending', 117, NULL, NULL, '2026-04-07 04:33:04', NULL, NULL, '2026-04-07 04:33:04', '2026-04-07 04:33:04');

-- --------------------------------------------------------

--
-- Table structure for table `withdrawal_logs`
--

CREATE TABLE `withdrawal_logs` (
  `log_id` bigint(20) UNSIGNED NOT NULL,
  `withdrawal_id` bigint(20) UNSIGNED NOT NULL,
  `performed_by` bigint(20) UNSIGNED DEFAULT NULL,
  `note` text DEFAULT NULL,
  `created_at` datetime DEFAULT current_timestamp()
) ENGINE=InnoDB DEFAULT CHARSET=utf8mb4 COLLATE=utf8mb4_general_ci;

--
-- Dumping data for table `withdrawal_logs`
--

INSERT INTO `withdrawal_logs` (`log_id`, `withdrawal_id`, `performed_by`, `note`, `created_at`) VALUES
(1, 32, 29, 'User requested withdrawal of KES 2600, net amount KES 2544.8, fee KES 55.2', '2026-04-01 18:06:01'),
(2, 34, 29, 'User requested withdrawal of KES 5000, net KES 4940, fee KES 60', '2026-04-01 18:10:01'),
(3, 35, 29, 'User requested withdrawal of KES 5000, net KES 4940, fee KES 60', '2026-04-01 18:12:50'),
(4, 36, 29, 'User requested withdrawal of KES 5000, net KES 4940, fee KES 60', '2026-04-01 18:13:07'),
(5, 37, 29, 'User requested withdrawal of KES 5000, net KES 4940, fee KES 60', '2026-04-01 18:14:04'),
(6, 38, 29, 'User requested withdrawal of KES 500, net KES 460, fee KES 40', '2026-04-01 18:14:43'),
(7, 39, 29, 'User requested withdrawal of KES 500, net KES 460, fee KES 40', '2026-04-01 18:15:01'),
(8, 0, 29, 'User requested withdrawal of KES 5000, net KES 4940, fee KES 60', '2026-04-01 18:19:30'),
(9, 41, 29, 'User requested withdrawal of KES 8000, net KES 7934, fee KES 66', '2026-04-01 18:20:39'),
(10, 43, 29, 'User requested withdrawal of KES 3000, net KES 2944, fee KES 56', '2026-04-01 18:24:31'),
(11, 0, 15, 'Seller requested withdrawal of KES 500, net KES 460, fee KES 40', '2026-04-01 18:51:25'),
(12, 0, 15, 'Seller requested withdrawal of KES 700, net KES 660, fee KES 40', '2026-04-01 18:55:45'),
(13, 0, 15, 'Seller requested withdrawal of KES 9000, net KES 8932, fee KES 68', '2026-04-01 18:57:51'),
(14, 0, 15, 'Seller requested withdrawal of KES 9000, net KES 8932, fee KES 68', '2026-04-01 18:58:07'),
(15, 0, 15, 'Seller requested withdrawal of KES 500, net KES 460, fee KES 40', '2026-04-01 18:58:44'),
(16, 0, 15, 'Seller requested withdrawal of KES 500, net KES 460, fee KES 40', '2026-04-01 19:00:59'),
(17, 0, 15, 'Seller requested withdrawal of KES 600, net KES 560, fee KES 40', '2026-04-01 19:12:09'),
(18, 0, 15, 'Seller requested withdrawal of KES 7878, net KES 7812.24, fee KES 65.76', '2026-04-01 19:22:34'),
(19, 44, 31, 'User requested withdrawal of KES 500, net KES 460, fee KES 40', '2026-04-01 23:11:17'),
(20, 44, 31, 'User requested withdrawal of KES 500, net KES 460, fee KES 40', '2026-04-01 23:22:07'),
(21, 45, 31, 'User requested withdrawal of KES 460, net KES 420, fee KES 40', '2026-04-01 23:48:28'),
(22, 46, 29, 'User requested withdrawal of KES 2000, net KES 1946, fee KES 54', '2026-04-02 01:35:01'),
(23, 47, 29, 'User requested withdrawal of KES 1000, net KES 960, fee KES 40', '2026-04-02 01:52:07'),
(24, 48, 29, 'User requested withdrawal of KES 1000, net KES 960, fee KES 40', '2026-04-02 01:52:33'),
(25, 49, 29, 'User requested withdrawal of KES 3768, net KES 3710.46, fee KES 57.54', '2026-04-02 01:52:56'),
(26, 50, 29, 'User requested withdrawal of KES 3434, net KES 3377.13, fee KES 56.87', '2026-04-02 02:13:05'),
(27, 51, 29, 'User requested withdrawal of KES 4354, net KES 4295.29, fee KES 58.71', '2026-04-02 02:14:02'),
(28, 52, 29, 'User requested withdrawal of KES 500, net KES 460, fee KES 40', '2026-04-02 02:14:23'),
(29, 53, 29, 'User requested withdrawal of KES 690, net KES 650, fee KES 40', '2026-04-02 02:16:19'),
(30, 54, 29, 'User requested withdrawal of KES 788, net KES 748, fee KES 40', '2026-04-02 02:17:27'),
(31, 55, 29, 'User requested withdrawal of KES 89879, net KES 89589.12, fee KES 289.88', '2026-04-02 02:18:03'),
(32, 56, 29, 'User requested withdrawal of KES 550, net KES 510, fee KES 40', '2026-04-02 02:18:52'),
(33, 57, 29, 'User requested withdrawal of KES 1000, net KES 960, fee KES 40', '2026-04-02 02:19:18'),
(34, 58, 29, 'User requested withdrawal of KES 1000, net KES 960, fee KES 40', '2026-04-02 02:19:55'),
(35, 59, 29, 'User requested withdrawal of KES 566, net KES 526, fee KES 40', '2026-04-02 02:20:44'),
(36, 60, 29, 'User requested withdrawal of KES 600, net KES 560, fee KES 40', '2026-04-02 02:21:25'),
(37, 61, 29, 'User requested withdrawal of KES 3000, net KES 2944, fee KES 56', '2026-04-02 02:21:39'),
(38, 62, 29, 'User requested withdrawal of KES 500, net KES 460, fee KES 40', '2026-04-03 20:50:40'),
(39, 63, 15, 'Seller requested withdrawal of KES 78978, net KES 78699.02, fee KES 278.98', '2026-04-03 23:55:13'),
(40, 64, 15, 'Seller requested withdrawal of KES 70000, net KES 69730, fee KES 270', '2026-04-03 23:55:26'),
(41, 65, 15, 'Seller requested withdrawal of KES 78797, net KES 78518.2, fee KES 278.8', '2026-04-03 23:55:50'),
(42, 66, 15, 'Seller requested withdrawal of KES 500, net KES 460, fee KES 40', '2026-04-03 23:56:02'),
(43, 67, 15, 'Seller requested withdrawal of KES 500, net KES 460, fee KES 40', '2026-04-03 23:56:17'),
(44, 0, 17, 'Seller requested withdrawal of KES 500, net KES 460, fee KES 40', '2026-04-04 13:36:05'),
(45, 0, 17, 'Seller requested withdrawal of KES 500, net KES 460, fee KES 40', '2026-04-05 03:13:29'),
(46, 0, 17, 'Seller requested withdrawal of KES 600, net KES 560, fee KES 40', '2026-04-05 03:19:43'),
(47, 0, 17, 'Seller requested withdrawal of KES 610, net KES 570, fee KES 40', '2026-04-05 03:22:24'),
(48, 0, 17, 'Seller requested withdrawal of KES 500, net KES 460, fee KES 40', '2026-04-05 03:26:53'),
(49, 0, 17, 'Seller requested withdrawal of KES 610, net KES 570, fee KES 40', '2026-04-05 03:35:49'),
(50, 0, 17, 'Seller requested withdrawal of KES 577, net KES 537, fee KES 40', '2026-04-05 03:40:04'),
(51, 0, 17, 'Seller requested withdrawal of KES 520, net KES 480, fee KES 40', '2026-04-05 03:45:19'),
(52, 0, 17, 'Seller requested withdrawal of KES 500, net KES 460, fee KES 40', '2026-04-05 03:47:02'),
(53, 0, 17, 'Seller requested withdrawal of KES 600, net KES 560, fee KES 40', '2026-04-05 03:49:09'),
(54, 0, 17, 'Seller requested withdrawal of KES 599, net KES 559, fee KES 40', '2026-04-05 03:53:31'),
(55, 0, 17, 'Seller requested withdrawal of KES 600, net KES 560, fee KES 40', '2026-04-05 03:54:42'),
(56, 0, 17, 'Seller requested withdrawal of KES 600, net KES 560, fee KES 40', '2026-04-05 04:00:49'),
(57, 0, 17, 'Seller requested withdrawal of KES 600, net KES 560, fee KES 40', '2026-04-05 04:04:12'),
(58, 68, 17, 'Seller requested withdrawal of KES 600, net KES 560, fee KES 40', '2026-04-05 05:12:52'),
(59, 69, 17, 'Seller requested withdrawal of KES 600, net KES 560, fee KES 40', '2026-04-05 05:13:04'),
(60, 70, 17, 'Seller requested withdrawal of KES 8000, net KES 7934, fee KES 66', '2026-04-05 05:19:40'),
(61, 71, 17, 'Seller requested withdrawal of KES 1000, net KES 960, fee KES 40', '2026-04-05 05:20:12'),
(62, 72, 17, 'Seller requested withdrawal of KES 500, net KES 460, fee KES 40', '2026-04-05 05:21:57'),
(63, 73, 17, 'Seller requested withdrawal of KES 600, net KES 560, fee KES 40', '2026-04-05 05:22:16'),
(64, 74, 17, 'Seller requested withdrawal of KES 700, net KES 660, fee KES 40', '2026-04-05 05:22:34'),
(65, 75, 29, 'User requested withdrawal of KES 500, net KES 460, fee KES 40', '2026-04-05 18:21:16'),
(66, 76, 29, 'User requested withdrawal of KES 500, net KES 460, fee KES 40', '2026-04-05 18:21:27'),
(67, 77, 29, 'User requested withdrawal of KES 771, net KES 731, fee KES 40', '2026-04-05 18:21:41'),
(68, 78, 29, 'User requested withdrawal of KES 500, net KES 460, fee KES 40', '2026-04-05 18:21:54'),
(69, 79, 15, 'Seller requested withdrawal of KES 500, net KES 460, fee KES 40', '2026-04-05 18:37:51'),
(70, 80, 42, 'User requested withdrawal of KES 400, net KES 360, fee KES 40', '2026-04-06 11:41:04'),
(71, 81, 15, 'Seller requested withdrawal of KES 660, net KES 620, fee KES 40', '2026-04-06 14:43:01'),
(72, 82, 29, 'User requested withdrawal of KES 4500, net KES 4441, fee KES 59', '2026-04-06 15:23:21'),
(73, 83, 29, 'User requested withdrawal of KES 40000, net KES 39840, fee KES 160', '2026-04-06 15:25:46'),
(74, 87, 29, 'User requested withdrawal of KES 5000, net KES 4940, fee KES 60', '2026-04-07 04:12:29'),
(75, 88, 29, 'User requested withdrawal of KES 700, net KES 660, fee KES 40', '2026-04-07 04:13:28'),
(76, 89, 15, 'Seller requested withdrawal of KES 5000, net KES 4940, fee KES 60', '2026-04-07 04:26:14'),
(77, 90, 29, 'User requested withdrawal of KES 50087, net KES 49836.91, fee KES 250.09', '2026-04-07 04:29:10'),
(78, 91, 29, 'User requested withdrawal of KES 500, net KES 460, fee KES 40', '2026-04-07 04:32:29'),
(79, 92, 29, 'User requested withdrawal of KES 500, net KES 460, fee KES 40', '2026-04-07 04:33:04');

--
-- Indexes for dumped tables
--

--
-- Indexes for table `financial_transactions`
--
ALTER TABLE `financial_transactions`
  ADD PRIMARY KEY (`transaction_id`),
  ADD UNIQUE KEY `reference_code` (`reference_code`),
  ADD KEY `wallet_id` (`wallet_id`),
  ADD KEY `payer_id` (`payer_id`),
  ADD KEY `receiver_id` (`receiver_id`),
  ADD KEY `status` (`status`),
  ADD KEY `source_type` (`source_type`);

--
-- Indexes for table `locations`
--
ALTER TABLE `locations`
  ADD PRIMARY KEY (`location_id`),
  ADD KEY `parent_id` (`parent_id`);

--
-- Indexes for table `markethub_products`
--
ALTER TABLE `markethub_products`
  ADD PRIMARY KEY (`id`);

--
-- Indexes for table `mpesa_payments`
--
ALTER TABLE `mpesa_payments`
  ADD PRIMARY KEY (`payment_id`),
  ADD UNIQUE KEY `mpesa_receipt` (`mpesa_receipt`);

--
-- Indexes for table `orders`
--
ALTER TABLE `orders`
  ADD PRIMARY KEY (`order_id`),
  ADD UNIQUE KEY `order_code` (`order_code`),
  ADD KEY `buyer_id` (`buyer_id`);

--
-- Indexes for table `order_items`
--
ALTER TABLE `order_items`
  ADD PRIMARY KEY (`item_id`),
  ADD KEY `order_id` (`order_id`),
  ADD KEY `seller_id` (`seller_id`);

--
-- Indexes for table `payments`
--
ALTER TABLE `payments`
  ADD PRIMARY KEY (`payment_id`);

--
-- Indexes for table `productservicesrentals`
--
ALTER TABLE `productservicesrentals`
  ADD PRIMARY KEY (`product_id`),
  ADD KEY `idx_user_created` (`user_id`,`created_at`),
  ADD KEY `idx_user_product` (`user_id`,`product_name`),
  ADD KEY `idx_user_image` (`user_id`,`image_hash`),
  ADD KEY `idx_image_hash` (`image_hash`),
  ADD KEY `idx_image_phash` (`image_phash`);

--
-- Indexes for table `seller_ratings`
--
ALTER TABLE `seller_ratings`
  ADD PRIMARY KEY (`rating_id`),
  ADD KEY `seller_id` (`seller_id`),
  ADD KEY `buyer_id` (`buyer_id`);

--
-- Indexes for table `subscribers`
--
ALTER TABLE `subscribers`
  ADD PRIMARY KEY (`id`),
  ADD UNIQUE KEY `email` (`email`);

--
-- Indexes for table `users`
--
ALTER TABLE `users`
  ADD PRIMARY KEY (`user_id`),
  ADD UNIQUE KEY `username` (`username`),
  ADD UNIQUE KEY `email` (`email`),
  ADD UNIQUE KEY `phone` (`phone`),
  ADD UNIQUE KEY `username_2` (`username`),
  ADD UNIQUE KEY `email_2` (`email`),
  ADD UNIQUE KEY `phone_2` (`phone`),
  ADD UNIQUE KEY `referral_code` (`agency_code`),
  ADD KEY `location_id` (`location_id`);

--
-- Indexes for table `user_cart`
--
ALTER TABLE `user_cart`
  ADD PRIMARY KEY (`cart_id`),
  ADD UNIQUE KEY `user_id` (`user_id`,`product_id`),
  ADD KEY `product_id` (`product_id`);

--
-- Indexes for table `user_followers`
--
ALTER TABLE `user_followers`
  ADD PRIMARY KEY (`follower_id`,`followed_id`),
  ADD UNIQUE KEY `unique_follow` (`follower_id`,`followed_id`),
  ADD KEY `followed_id` (`followed_id`);

--
-- Indexes for table `wallets`
--
ALTER TABLE `wallets`
  ADD PRIMARY KEY (`wallet_id`),
  ADD UNIQUE KEY `unique_wallet` (`user_id`,`wallet_type`),
  ADD UNIQUE KEY `unique_user_wallet` (`user_id`,`wallet_type`);

--
-- Indexes for table `withdrawals`
--
ALTER TABLE `withdrawals`
  ADD PRIMARY KEY (`withdrawal_id`),
  ADD UNIQUE KEY `reference_code` (`reference_code`),
  ADD KEY `user_id` (`user_id`),
  ADD KEY `wallet_id` (`wallet_id`),
  ADD KEY `status` (`status`),
  ADD KEY `transaction_id` (`transaction_id`);

--
-- Indexes for table `withdrawal_logs`
--
ALTER TABLE `withdrawal_logs`
  ADD PRIMARY KEY (`log_id`),
  ADD KEY `withdrawal_id` (`withdrawal_id`);

--
-- AUTO_INCREMENT for dumped tables
--

--
-- AUTO_INCREMENT for table `financial_transactions`
--
ALTER TABLE `financial_transactions`
  MODIFY `transaction_id` bigint(20) UNSIGNED NOT NULL AUTO_INCREMENT, AUTO_INCREMENT=118;

--
-- AUTO_INCREMENT for table `locations`
--
ALTER TABLE `locations`
  MODIFY `location_id` int(11) NOT NULL AUTO_INCREMENT, AUTO_INCREMENT=1641;

--
-- AUTO_INCREMENT for table `markethub_products`
--
ALTER TABLE `markethub_products`
  MODIFY `id` int(11) NOT NULL AUTO_INCREMENT, AUTO_INCREMENT=35;

--
-- AUTO_INCREMENT for table `mpesa_payments`
--
ALTER TABLE `mpesa_payments`
  MODIFY `payment_id` bigint(20) NOT NULL AUTO_INCREMENT;

--
-- AUTO_INCREMENT for table `orders`
--
ALTER TABLE `orders`
  MODIFY `order_id` int(11) NOT NULL AUTO_INCREMENT, AUTO_INCREMENT=291;

--
-- AUTO_INCREMENT for table `order_items`
--
ALTER TABLE `order_items`
  MODIFY `item_id` int(11) NOT NULL AUTO_INCREMENT, AUTO_INCREMENT=336;

--
-- AUTO_INCREMENT for table `payments`
--
ALTER TABLE `payments`
  MODIFY `payment_id` int(11) NOT NULL AUTO_INCREMENT;

--
-- AUTO_INCREMENT for table `productservicesrentals`
--
ALTER TABLE `productservicesrentals`
  MODIFY `product_id` int(11) NOT NULL AUTO_INCREMENT, AUTO_INCREMENT=11;

--
-- AUTO_INCREMENT for table `seller_ratings`
--
ALTER TABLE `seller_ratings`
  MODIFY `rating_id` int(11) NOT NULL AUTO_INCREMENT;

--
-- AUTO_INCREMENT for table `subscribers`
--
ALTER TABLE `subscribers`
  MODIFY `id` int(11) NOT NULL AUTO_INCREMENT;

--
-- AUTO_INCREMENT for table `users`
--
ALTER TABLE `users`
  MODIFY `user_id` int(11) NOT NULL AUTO_INCREMENT, AUTO_INCREMENT=66;

--
-- AUTO_INCREMENT for table `user_cart`
--
ALTER TABLE `user_cart`
  MODIFY `cart_id` int(11) NOT NULL AUTO_INCREMENT, AUTO_INCREMENT=215;

--
-- AUTO_INCREMENT for table `wallets`
--
ALTER TABLE `wallets`
  MODIFY `wallet_id` int(11) NOT NULL AUTO_INCREMENT, AUTO_INCREMENT=82;

--
-- AUTO_INCREMENT for table `withdrawals`
--
ALTER TABLE `withdrawals`
  MODIFY `withdrawal_id` bigint(20) UNSIGNED NOT NULL AUTO_INCREMENT, AUTO_INCREMENT=93;

--
-- AUTO_INCREMENT for table `withdrawal_logs`
--
ALTER TABLE `withdrawal_logs`
  MODIFY `log_id` bigint(20) UNSIGNED NOT NULL AUTO_INCREMENT, AUTO_INCREMENT=80;

--
-- Constraints for dumped tables
--

--
-- Constraints for table `locations`
--
ALTER TABLE `locations`
  ADD CONSTRAINT `locations_ibfk_1` FOREIGN KEY (`parent_id`) REFERENCES `locations` (`location_id`) ON DELETE CASCADE;

--
-- Constraints for table `order_items`
--
ALTER TABLE `order_items`
  ADD CONSTRAINT `fk_items_order` FOREIGN KEY (`order_id`) REFERENCES `orders` (`order_id`) ON DELETE CASCADE;
COMMIT;

/*!40101 SET CHARACTER_SET_CLIENT=@OLD_CHARACTER_SET_CLIENT */;
/*!40101 SET CHARACTER_SET_RESULTS=@OLD_CHARACTER_SET_RESULTS */;
/*!40101 SET COLLATION_CONNECTION=@OLD_COLLATION_CONNECTION */;
